Rank	Player	Team	Position(s)	ADP	Min Pick	Max Pick	Difference	# Picks	Team	Team Pick
1	Turner, Trea	LAD	2B, SS	1.17	1	2		6		
2	Tatis Jr., Fernando	SD	SS, OF	2.50	1	6		6		
3	Ramirez, Jose	CLE	3B	2.83	2	3		6		
4	Soto, Juan	WAS	OF	4.33	3	6		6		
5	Bichette, Bo	TOR	SS	5.33	4	7		6		
6	Cole, Gerrit	NYY	P	5.83	4	8		6		
7	Guerrero Jr., Vladimir	TOR	1B	7.00	5	10		6		
8	Burnes, Corbin	MLW	P	8.67	6	12		6		
9	Ohtani, Shohei	LAA	P, UT	9.50	8	12		6		
10	Acuna Jr., Ronald	ATL	OF	10.33	7	17		6		
11	Harper, Bryce	PHI	OF	10.50	9	13		6		
12	Tucker, Kyle	HOU	OF	12.17	11	15		6		
13	Scherzer, Max	NYM	P	15.00	11	20		6		
14	Betts, Mookie	LAD	OF	15.17	13	19		6		
15	Robert, Luis	CWS	OF	16.33	14	19		6		
16	Buehler, Walker	LAD	P	16.50	13	21		6		
17	Woodruff, Brandon	MLW	P	17.33	10	23		6		
18	Albies, Ozzie	ATL	2B	17.50	16	23		6		
19	Trout, Mike	LAA	OF	17.67	13	22		6		
20	Devers, Rafael	BOS	3B	18.33	14	22		6		
21	Wheeler, Zack	PHI	P	19.67	16	23		6		
22	Freeman, Freddie	ATL	1B	23.67	15	29		6		
23	Machado, Manny	SD	3B	23.83	22	25		6		
24	Hendriks, Liam	CWS	P	24.67	20	28		6		
25	Hader, Josh	MLW	P	25.33	21	30		6		
26	Marte, Starling	NYM	OF	25.67	22	28		6		
27	deGrom, Jacob	NYM	P	26.17	23	32		6		
28	Merrifield, Whit	KC	2B, OF	29.50	20	37		6		
29	Bieber, Shane	CLE	P	32.17	26	42		6		
30	Alvarez, Yordan	HOU	OF	32.17	29	39		6		
31	Mullins, Cedric	BAL	OF	32.83	27	44		6		
32	Nola, Aaron	PHI	P	33.17	30	36		6		
33	Urias, Julio	LAD	P	34.17	26	41		6		
34	Iglesias, Raisel	LAA	P	34.83	28	47		6		
35	Story, Trevor	COL	SS	35.00	31	41		6		
36	Giolito, Lucas	CWS	P	36.17	31	48		6		
37	Anderson, Tim	CWS	SS	37.33	31	47		6		
38	Perez, Salvador	KC	C	37.83	35	41		6		
39	Alcantara, Sandy	MIA	P	39.17	29	44		6		
40	Hernandez, Teoscar	TOR	OF	39.33	28	48		6		
41	Clase, Emmanuel	CLE	P	40.17	35	45		6		
42	Semien, Marcus	TEX	2B, SS	40.83	34	49		6		
43	Judge, Aaron	NYY	OF	43.33	34	52		6		
44	Diaz, Edwin	NYM	P	45.17	37	50		6		
45	Bogaerts, Xander	BOS	SS	47.00	39	55		6		
46	O'Neill, Tyler	STL	OF	47.50	36	53		6		
47	Peralta, Freddy	MLW	P	47.83	45	54		6		
48	Pressly, Ryan	HOU	P	48.17	38	57		6		
49	Ray, Robbie	SEA	P	48.83	39	59		6		
50	Mondesi, Adalberto	KC	3B	50.33	39	55		6		
51	Sale, Chris	BOS	P	51.83	42	69		6		
52	Olson, Matt	OAK	1B	52.00	35	69		6		
53	Lindor, Francisco	NYM	SS	52.83	46	59		6		
54	Buxton, Byron	MIN	OF	54.33	42	73		6		
55	Realmuto, J.T.	PHI	C	54.50	50	64		6		
56	Arozarena, Randy	TB	OF	59.17	53	65		6		
57	Webb, Logan	SF	P	59.33	49	71		6		
58	Chapman, Aroldis	NYY	P	59.83	51	70		6		
59	Goldschmidt, Paul	STL	1B	60.00	51	68		6		
60	Smith, Will	LAD	C	60.33	55	64		6		
61	Baez, Javier	DET	2B, SS	61.83	46	78		6		
62	Franco, Wander	TB	SS	64.00	53	72		6		
63	Jansen, Kenley	LAD	P	64.17	45	73		6		
64	Riley, Austin	ATL	3B	64.50	56	73		6		
65	Fried, Max	ATL	P	66.00	63	70		6		
66	Alonso, Pete	NYM	1B	66.17	55	78		6		
67	Smith, Will	ATL	P	67.83	46	78		6		
68	Lynn, Lance	CWS	P	68.33	56	78		6		
69	Musgrove, Joe	SD	P	69.00	60	75		6		
70	Cease, Dylan	CWS	P	69.67	60	80		6		
71	Chisholm Jr., Jazz	MIA	2B, SS	69.83	58	85		6		
72	Gausman, Kevin	TOR	P	71.17	58	85		6		
73	Castellanos, Nick	CIN	OF	73.83	57	92		6		
74	Edman, Tommy	STL	2B, OF	75.00	67	83		6		
75	Romano, Jordan	TOR	P	75.83	52	99		6		
76	Springer, George	TOR	OF	76.17	58	90		6		
77	Lowe, Brandon	TB	2B	76.17	62	86		6		
78	Rogers, Trevor	MIA	P	79.67	61	91		6		
79	Jimenez, Eloy	CWS	OF	80.00	68	100		6		
80	Polanco, Jorge	MIN	2B, SS	80.33	74	87		6		
81	Berrios, Jose	TOR	P	80.67	69	87		6		
82	Montas, Frankie	OAK	P	81.17	75	92		6		
83	Altuve, Jose	HOU	2B	83.83	77	93		6		
84	Flaherty, Jack	STL	P	84.67	77	96		6		
85	Arenado, Nolan	STL	3B	85.17	74	95		6		
86	India, Jonathan	CIN	2B	85.67	76	94		6		
87	Witt Jr., Bobby	KC	SS	86.33	72	103		6		
88	Abreu, Jose	CWS	1B	86.50	72	96		6		
89	Gallegos, Giovanny	STL	P	88.00	80	106		6		
90	Seager, Corey	TEX	SS	88.67	66	99		6		
91	Marte, Ketel	ARZ	2B, OF	89.17	80	99		6		
92	Castillo, Luis	CIN	P	90.17	81	102		6		
93	Morton, Charlie	ATL	P	90.67	85	94		6		
94	Darvish, Yu	SD	P	92.00	83	103		6		
95	Martinez, J.D.	BOS	OF	95.50	89	102		6		
96	Reynolds, Bryan	PIT	OF	95.83	90	100		6		
97	Varsho, Daulton	ARZ	C, OF	97.83	76	116		6		
98	Manoah, Alek	TOR	P	98.50	88	113		6		
99	Bellinger, Cody	LAD	OF	99.17	89	111		6		
100	McClanahan, Shane	TB	P	101.67	96	118		6		
101	Bryant, Kris	SF	3B, OF	102.00	100	105		6		
102	Bregman, Alex	HOU	3B	103.50	91	119		6		
103	Verlander, Justin	HOU	P	105.33	86	122		6		
104	Yelich, Christian	MLW	OF	105.33	92	112		6		
105	Grandal, Yasmani	CWS	C	106.50	100	122		6		
106	Snell, Blake	SD	P	106.83	103	110		6		
107	Kimbrel, Craig	CWS	P	110.50	86	141		6		
108	Contreras, Willson	CHC	C	111.33	97	123		6		
109	Rendon, Anthony	LAA	3B	111.50	103	117		6		
110	Correa, Carlos	HOU	SS	113.00	98	127		6		
111	Mountcastle, Ryan	BAL	1B, OF	114.17	106	131		6		
112	Eovaldi, Nathan	BOS	P	115.50	109	125		6		
113	Winker, Jesse	CIN	OF	116.00	98	132		6		
114	Straw, Myles	CLE	OF	116.67	102	128		6		
115	LeMahieu, DJ	NYY	1B, 2B, 3B	118.00	101	143		6		
116	Stanton, Giancarlo	NYY	OF	119.17	107	134		6		
117	Swanson, Dansby	ATL	SS	119.50	110	131		6		
118	Baz, Shane	TB	P	120.33	109	144		6		
119	Haniger, Mitch	SEA	OF	120.83	111	131		6		
120	Melancon, Mark	ARZ	P	122.00	109	153		6		
121	Walsh, Jared	LAA	1B	123.00	104	144		6		
122	Cronenworth, Jake	SD	1B, 2B, SS	124.33	115	132		6		
123	Adames, Willy	MLW	SS	126.17	122	131		6		
124	Lopez, Pablo	MIA	P	127.00	94	148		6		
125	Manaea, Sean	OAK	P	127.17	102	149		6		
126	Gallen, Zac	ARZ	P	127.83	108	141		6		
127	Mahle, Tyler	CIN	P	128.83	117	153		6		
128	Bell, Josh	WAS	1B	130.00	123	135		6		
129	Hayes, Ke'Bryan	PIT	3B	130.00	119	134		6		
130	Grisham, Trent	SD	OF	130.67	106	143		6		
131	Knebel, Corey	PHI	P	131.00	108	164		6		
132	Cron, C.J.	COL	1B	131.00	114	146		6		
133	Rodon, Carlos	CWS	P	133.33	111	179		6		
134	Bassitt, Chris	OAK	P	134.50	112	160		6		
135	Baddoo, Akil	DET	OF	136.00	106	163		6		
136	Hoskins, Rhys	PHI	1B	139.67	129	151		6		
137	Reyes, Franmil	CLE	UT	139.67	125	152		6		
138	Rosario, Amed	CLE	SS	140.83	125	158		6		
139	Schwarber, Kyle	BOS	OF	141.50	136	159		6		
140	Doval, Camilo	SF	P	142.00	113	169		6		
141	Torres, Gleyber	NYY	SS	142.00	133	153		6		
142	Urias, Luis	MLW	2B, 3B, SS	142.17	133	153		6		
143	Valdez, Framber	HOU	P	142.17	120	164		6		
144	Taylor, Chris	LAD	2B, SS, OF	142.50	126	163		6		
145	Rodriguez, Eduardo	DET	P	142.50	124	163		6		
146	Kelenic, Jarred	SEA	OF	142.50	115	170		6		
147	Gilbert, Logan	SEA	P	145.83	129	174		6		
148	Treinen, Blake	LAD	P	145.83	118	177		6		
149	Barlow, Scott	KC	P	147.83	112	173		6		
150	Garcia, Luis	HOU	P	148.33	139	161		6		
151	Votto, Joey	CIN	1B	148.33	141	161		6		
152	Moncada, Yoan	CWS	3B	148.33	132	168		6		
153	Gurriel Jr., Lourdes	TOR	OF	151.00	132	170		6		
154	Meadows, Austin	TB	OF	153.83	145	174		6		
155	France, Ty	SEA	1B, 2B	154.50	140	185		6		
156	Rogers, Taylor	MIN	P	158.33	110	199		6		
157	Stephenson, Tyler	CIN	C, 1B	158.50	152	163		6		
158	Kopech, Michael	CWS	P	159.33	143	177		6		
159	Rosario, Eddie	ATL	OF	161.33	148	175		6		
160	Bednar, David	PIT	P	161.67	149	176		6		
161	Verdugo, Alex	BOS	OF	162.67	151	178		6		
162	Soto, Gregory	DET	P	163.33	149	181		6		
163	Ruiz, Keibert	WAS	C	163.33	150	182		6		
164	McMahon, Ryan	COL	2B, 3B	163.33	149	177		6		
165	Anderson, Ian	ATL	P	163.83	144	172		6		
166	Garcia, Avisail	MIA	OF	164.33	157	191		6		
167	Turner, Justin	LAD	3B	167.83	156	188		6		
168	Rizzo, Anthony	NYY	1B	168.33	155	187		6		
169	Renfroe, Hunter	MLW	OF	168.83	145	187		6		
170	Wong, Kolten	MLW	2B	171.00	155	188		6		
171	Muncy, Max	LAD	1B, 2B	172.17	135	210		6		
172	Gray, Sonny	CIN	P	172.50	148	201		6		
173	Skubal, Tarik	DET	P	172.83	155	193		6		
174	Grossman, Robbie	DET	OF	173.00	163	178		6		
175	Rodgers, Brendan	COL	2B, SS	174.67	158	196		6		
176	Benintendi, Andrew	KC	OF	176.67	166	190		6		
177	Carlson, Dylan	STL	OF	177.17	165	190		6		
178	Suarez, Ranger	PHI	P	179.50	154	203		6		
179	Chapman, Matt	OAK	3B	181.50	156	206		6		
180	Happ, Ian	CHC	OF	181.83	170	188		6		
181	Segura, Jean	PHI	2B	184.17	168	197		6		
182	Mancini, Trey	BAL	1B	185.50	166	209		6		
183	Conforto, Michael	NYM	OF	186.00	165	209		6		
184	Montgomery, Jordan	NYY	P	186.50	172	205		6		
185	Garcia, Adolis	TEX	OF	187.50	155	215		6		
186	Sandoval, Patrick	LAA	P	188.17	175	202		6		
187	Stroman, Marcus	CHC	P	189.50	166	211		6		
188	Kershaw, Clayton	LAD	P	189.67	136	259		6		
189	Escobar, Eduardo	NYM	2B, 3B	191.00	180	201		6		
190	Severino, Luis	NYY	P	192.33	160	224		6		
191	Kirilloff, Alex	MIN	1B, OF	192.67	177	212		6		
192	Gallo, Joey	NYY	OF	195.00	157	219		6		
193	Ryu, Hyun Jin	TOR	P	195.00	169	215		6		
194	Ozuna, Marcell	ATL	OF	197.33	174	210		6		
195	Soler, Jorge	ATL	OF	198.67	178	232		6		
196	Candelario, Jeimer	DET	3B	200.00	185	212		6		
197	Garver, Mitch	MIN	C	200.00	180	221		6		
198	Sims, Lucas	CIN	P	200.67	173	226		6		
199	Houck, Tanner	BOS	P	200.83	166	247		6		
200	Schoop, Jonathan	DET	1B, 2B	200.83	187	219		6		
201	Cruz, Nelson	TB	UT	201.00	190	242		6		
202	Suarez, Eugenio	CIN	3B, SS	202.00	192	218		6		
203	McCullers Jr., Lance	HOU	P	202.33	168	245		6		
204	Gurriel, Yuli	HOU	1B	202.83	187	225		6		
205	Donaldson, Josh	MIN	3B	206.17	191	225		6		
206	Cruz, Oneil	PIT	SS	206.50	198	231		6		
207	Floro, Dylan	MIA	P	210.17	178	224		6		
208	Suzuki, Seiya	FA	OF	211.33	192	238		6		
209	Pollock, AJ	LAD	OF	212.33	193	220		6		
210	Barlow, Joe	TEX	P	212.83	162	288		6		
211	Rojas, Josh	ARZ	2B, SS, OF	215.33	202	223		6		
212	Belt, Brandon	SF	1B	215.33	179	244		6		
213	Ryan, Joe	MIN	P	217.17	186	258		6		
214	Wood, Alex	SF	P	217.67	196	234		6		
215	Lowe, Nathaniel	TEX	1B	218.67	204	233		6		
216	Wainwright, Adam	STL	P	218.83	187	251		6		
217	Crawford, Brandon	SF	SS	219.00	194	232		6		
218	Dalbec, Bobby	BOS	1B	221.17	188	252		6		
219	Bader, Harrison	STL	OF	221.50	193	255		6		
220	McKenzie, Triston	CLE	P	222.67	204	248		6		
221	Hernandez, Enrique	BOS	2B, OF	222.83	211	251		6		
222	Laureano, Ramon	OAK	OF	223.67	185	257		6		
223	Urquidy, Jose	HOU	P	224.17	184	261		6		
224	Cobb, Alex	SF	P	224.33	198	247		6		
225	Sanchez, Jesus	MIA	OF	226.67	211	244		6		
226	Rutschman, Adley	BAL	C	227.33	213	258		6		
227	DeSclafani, Anthony	SF	P	227.67	201	240		6		
228	Lux, Gavin	LAD	2B, SS	229.33	198	251		6		
229	Vazquez, Christian	BOS	C	229.67	195	259		6		
230	Pham, Tommy	SD	OF	229.83	204	270		6		
231	Means, John	BAL	P	230.17	201	269		6		
232	Adell, Jo	LAA	OF	232.33	214	254		6		
233	Hays, Austin	BAL	OF	232.67	213	245		6		
234	Whitlock, Garrett	BOS	P	233.33	185	254		6		
235	Clevinger, Mike	SD	P	233.67	209	275		6		
236	Thomas, Lane	WAS	OF	237.17	205	259		6		
237	Blackmon, Charlie	COL	OF	238.17	228	270		6		
238	Matz, Steven	STL	P	239.00	208	262		6		
239	Gray, Jon	TEX	P	240.00	217	264		6		
240	Gimenez, Andres	CLE	2B, SS	240.50	223	273		6		
241	Trivino, Lou	OAK	P	241.50	194	291		6		
242	Schwindel, Frank	CHC	1B	241.50	227	267		6		
243	d'Arnaud, Travis	ATL	C	243.17	208	269		6		
244	Kittredge, Andrew	TB	P	244.50	196	274		6		
245	Sano, Miguel	MIN	1B	248.33	219	285		6		
246	Lopez, Nicky	KC	SS	249.00	188	305		6		
247	Diaz, Elias	COL	C	249.17	227	288		6		
248	Toro, Abraham	SEA	2B, 3B	249.50	224	268		6		
249	Villar, Jonathan	NYM	3B, SS	249.83	239	260		6		
250	Kirk, Alejandro	TOR	C	250.00	231	264		6		
251	Brantley, Michael	HOU	OF	251.50	237	272		6		
252	Duvall, Adam	ATL	OF	251.83	230	281		6		
253	Ober, Bailey	MIN	P	253.50	228	274		6		
254	Ynoa, Huascar	ATL	P	253.67	235	276		6		
255	Murphy, Sean	OAK	C	256.83	234	273		6		
256	Syndergaard, Noah	LAA	P	258.33	216	287		6		
257	Vaughn, Andrew	CWS	OF	260.83	233	279		6		
258	Marquez, German	COL	P	263.50	241	281		6		
259	Hampson, Garrett	COL	2B, OF	263.83	238	328		6		
260	Canha, Mark	NYM	OF	264.50	254	284		6		
261	Mize, Casey	DET	P	265.00	221	304		6		
262	Torkelson, Spencer	DET	1B	265.33	212	305		6		
263	Heaney, Andrew	LAD	P	265.83	237	284		6		
264	Santander, Anthony	BAL	OF	266.00	245	306		6		
265	Rasmussen, Drew	TB	P	266.83	252	285		6		
266	Narvaez, Omar	MLW	C	267.00	217	295		6		
267	Urshela, Gio	NYY	3B, SS	267.33	243	307		6		
268	Myers, Wil	SD	OF	268.50	255	293		6		
269	Ashby, Aaron	MLW	P	268.67	237	308		6		
270	Kepler, Max	MIN	OF	271.17	256	294		6		
271	Tapia, Raimel	COL	OF	272.00	248	287		6		
272	Voit, Luke	NYY	1B	273.00	260	284		6		
273	Gray, Josiah	WAS	P	275.00	260	297		6		
274	Wick, Rowan	CHC	P	275.33	235	304		6		
275	McGee, Jake	SF	P	276.33	234	307		6		
276	Barnes, Matt	BOS	P	276.83	239	329		6		
277	Yastrzemski, Mike	SF	OF	276.83	266	286		6		
278	Aguilar, Jesus	MIA	1B	277.33	258	298		6		
279	Nimmo, Brandon	NYM	OF	278.00	253	295		6		
280	Civale, Aaron	CLE	P	280.33	205	331		6		
281	Jung, Josh	TEX	3B	280.67	242	319		6		
282	Biggio, Cavan	TOR	3B	282.33	253	325		6		
283	Sanchez, Gary	NYY	C	282.33	265	321		6		
284	Bohm, Alec	PHI	3B	283.50	247	344		6		
285	Quantrill, Cal	CLE	P	284.17	230	354		6		
286	Megill, Tylor	NYM	P	285.00	271	300		6		
287	Crawford, J.P.	SEA	SS	287.33	254	318		6		
288	Rodriguez, Julio	SEA	OF	287.50	215	330		6		
289	Stassi, Max	LAA	C	288.50	243	320		6		
290	Greene, Riley	DET	OF	289.33	261	330		6		
291	Zunino, Mike	TB	C	289.50	278	311		6		
292	Tellez, Rowdy	MLW	1B	292.33	285	304		6		
293	Sewald, Paul	SEA	P	293.17	226	336		6		
294	Kelly, Carson	ARZ	C	294.33	266	316		6		
295	Giles, Ken	SEA	P	295.00	229	334		6		
296	Jansen, Danny	TOR	C	295.17	285	301		6		
297	Hendricks, Kyle	CHC	P	295.50	245	322		6		
298	Madrigal, Nick	CHC	2B	296.83	264	327		6		
299	Arraez, Luis	MIN	2B, 3B, OF	297.83	265	323		6		
300	Taillon, Jameson	NYY	P	300.50	279	339		6		
301	Carrasco, Carlos	NYM	P	301.67	278	343		6		
302	Luzardo, Jesus	MIA	P	301.83	278	344		6		
303	Molina, Yadier	STL	C	303.33	293	330		6		
304	McNeil, Jeff	NYM	2B, OF	304.50	282	326		6		
305	Tsutsugo, Yoshi	PIT	1B, OF	304.83	286	341		6		
306	Javier, Cristian	HOU	P	307.50	274	351		6		
307	Williams, Devin	MLW	P	307.50	276	342		6		
308	Joe, Connor	COL	OF	309.00	282	337		6		
309	Ortega, Rafael	CHC	OF	309.00	290	332		6		
310	Lauer, Eric	MLW	P	310.17	276	352		6		
311	Patino, Luis	TB	P	310.50	292	332		6		
312	Naquin, Tyler	CIN	OF	311.83	295	326		6		
313	Strasburg, Stephen	WAS	P	312.33	267	342		6		
314	Hernandez, Cesar	WAS	2B	313.83	252	349		6		
315	Rojas, Miguel	MIA	SS	314.00	263	347		6		
316	Kennedy, Ian	PHI	P	315.00	290	361		6		
317	Wade Jr., LaMonte	SF	1B, OF	316.17	279	338		6		
318	Lewis, Kyle	SEA	OF	316.33	293	335		6		
319	Fletcher, David	LAA	2B, SS	317.83	277	347		6		
320	Bart, Joey	SF	C	318.33	263	381		6		
321	Margot, Manuel	TB	OF	318.50	294	343		6		
322	Marsh, Brandon	LAA	OF	319.67	298	339		6		
323	Bauer, Trevor	LAD	P	321.17	226	361		6		
324	Fulmer, Michael	DET	P	322.83	297	341		6		
325	Kikuchi, Yusei	SEA	P	324.33	297	363		6		
326	McCann, James	NYM	C	325.33	295	378		6		
327	Hosmer, Eric	SD	1B	325.50	310	355		6		
328	Gonzales, Marco	SEA	P	326.00	302	392		6		
329	Gonsolin, Tony	LAD	P	329.33	315	343		6		
330	Frazier, Adam	SEA	2B	329.83	296	372		6		
331	Hernandez, Elieser	MIA	P	330.17	275	363		6		
332	Haase, Eric	DET	C, OF	330.33	296	385		6		
333	Pivetta, Nick	BOS	P	332.83	313	364		6		
334	Wisdom, Patrick	CHC	3B	333.67	316	359		6		
335	Dozier, Hunter	KC	3B, OF	333.83	319	355		6		
336	Brujan, Vidal	TB	OF	334.83	309	373		6		
337	Plesac, Zach	CLE	P	335.50	318	361		6		
338	Alzolay, Adbert	CHC	P	336.33	309	375		6		
339	McCutchen, Andrew	PHI	OF	339.17	310	357		6		
340	Barrero, Jose	CIN	SS	342.83	330	354		6		
341	Kim, Ha-Seong	SD	2B, 3B, SS	343.67	326	366		6		
342	Wendle, Joey	MIA	3B, SS	344.67	282	388		6		
343	Grichuk, Randal	TOR	OF	345.17	306	393		6		
344	Moustakas, Mike	CIN	3B	348.00	328	360		6		
345	Rainey, Tanner	WAS	P	350.17	322	387		6		
346	Cain, Lorenzo	MLW	OF	351.00	316	400		6		
347	Kaprielian, James	OAK	P	353.00	342	385		6		
348	Smith, Pavin	ARZ	1B, OF	353.33	303	383		6		
349	Longoria, Evan	SF	3B	354.33	328	372		6		
350	Gomes, Yan	CHC	C	354.83	335	387		6		
351	Kluber, Corey	TB	P	355.17	319	385		6		
352	Smith, Dominic	NYM	OF	355.33	333	372		6		
353	Cortes Jr., Nestor	NYY	P	356.33	292	395		6		
354	Stallings, Jacob	MIA	C	357.67	320	387		6		
355	Solak, Nick	TEX	2B	357.83	325	377		6		
356	Diaz, Yandy	TB	1B, 3B	359.00	323	398		6		
357	Nola, Austin	SD	C	362.17	305	400		6		
358	Greinke, Zack	HOU	P	362.83	338	391		6		
359	Walker, Taijuan	NYM	P	363.00	294	388		6		
360	Kemp, Tony	OAK	2B, OF	363.67	318	401		6		
361	Lowe, Josh	TB	OF	367.00	335	401		6		
362	Duran, Jarren	BOS	OF	367.00	329	395		6		
363	Wells, Tyler	BAL	P	367.33	362	378		6		
364	Flexen, Chris	SEA	P	368.00	332	411		6		
365	Anderson, Brian	MIA	3B	369.17	331	411		6		
366	Paddack, Chris	SD	P	370.83	345	405		6		
367	Flores, Wilmer	SF	1B, 2B, 3B	373.67	343	415		6		
368	Calhoun, Willie	TEX	OF	374.50	353	397		6		
369	Kiner-Falefa, Isiah	TEX	SS	374.50	344	408		6		
370	Singer, Brady	KC	P	375.17	348	407		6		
371	Reyes, Alex	STL	P	375.33	332	429		6		
372	Torrens, Luis	SEA	C	376.50	352	402		6		
373	Robles, Victor	WAS	OF	378.33	366	397		6		
374	Taylor, Michael A.	KC	OF	378.33	361	419		6		
375	Dunning, Dane	TEX	P	378.33	342	415		6		
376	McCormick, Chas	HOU	OF	379.00	354	412		6		
377	Harrison, Josh	OAK	2B, 3B, OF	380.83	353	406		6		
378	Alcala, Jorge	MIN	P	381.17	348	429		6		
379	Gibson, Kyle	PHI	P	381.33	358	396		6		
380	Miranda, Jose	MIN	3B	382.50	353	411		6		
381	Castillo, Diego	SEA	P	383.33	315	453		6		
382	Sanchez, Sixto	MIA	P	383.50	348	474		6		
383	Hoerner, Nico	CHC	2B	384.83	362	408		6		
384	Hernandez, Carlos	KC	P	385.33	370	421		6		
385	Taylor, Tyrone	MLW	OF	385.33	333	408		6		
386	Alfaro, Jorge	SD	C, OF	385.33	362	428		6		
387	Johnson, Pierce	SD	P	388.67	297	467		6		
388	Loaisiga , Jonathan	NYY	P	388.83	354	438		6		
389	Mateo, Jorge	BAL	OF	389.33	353	418		6		
390	Finnegan, Kyle	WAS	P	389.33	338	464		6		
391	Green, Chad	NYY	P	390.50	346	433		6		
392	Steckenrider, Drew	SEA	P	390.67	293	468		6		
393	Bender, Anthony	MIA	P	391.00	376	419		6		
394	Frazier, Clint	CHC	OF	392.83	367	418		6		
395	Hilliard, Sam	COL	OF	393.67	337	452		6		
396	Barnhart, Tucker	DET	C	394.17	383	411		6		
397	Walker, Christian	ARZ	1B	394.17	347	423		6		
398	Urias, Ramon	BAL	2B, SS	396.33	356	432		6		
399	DeJong, Paul	STL	SS	397.50	377	441		6		
400	Senzel, Nick	CIN	OF	399.17	365	467		6		
401	Sosa, Edmundo	STL	2B, SS	399.17	387	416		6		
402	Melendez, MJ	KC	C	401.83	365	468		6		
403	Detmers, Reid	LAA	P	402.00	378	418		6		
404	Hudson, Dakota	STL	P	403.33	352	446		6		
405	De La Cruz, Bryan	MIA	OF	405.00	307	455		6		
406	German, Domingo	NYY	P	405.17	352	429		6		
407	Pineda, Michael	MIN	P	407.17	371	478		6		
408	Bradley, Bobby	CLE	1B	408.17	377	435		6		
409	Estevez, Carlos	COL	P	410.33	381	434		6		
410	Mejia, Francisco	TB	C	410.50	391	431		6		
411	Hiura, Keston	MLW	1B	411.17	381	457		6		
412	Corbin, Patrick	WAS	P	413.33	383	430		6		
413	Greene, Hunter	CIN	P	413.50	335	478		6		
414	Davis, J.D.	NYM	3B	413.50	403	426		6		
415	Gregorius, Didi	PHI	SS	413.67	388	453		6		
416	Weaver, Luke	ARZ	P	418.33	393	437		6		
417	Pena, Jeremy	HOU	SS	418.83	345	500		6		
418	Bundy, Dylan	MIN	P	420.00	393	464		6		
419	Wade, Tyler	LAA	3B, SS, OF	420.83	371	451		6		
420	Heim, Jonah	TEX	C	420.83	403	434		6		
421	Ruf, Darin	SF	1B, OF	421.83	377	478		6		
422	Odor, Rougned	BAL	2B, 3B	422.50	351	477		6		
423	Contreras, Roansy	PIT	P	422.83	384	463		6		
424	Houser, Adrian	MLW	P	424.17	406	447		6		
425	Lamet, Dinelson	SD	P	426.00	368	464		6		
426	Santana, Carlos	KC	1B	426.33	384	463		6		
427	Stott, Bryson	PHI	SS	426.33	417	433		6		
428	Pederson, Joc	ATL	OF	428.00	406	450		6		
429	Cooper, Garrett	MIA	OF	428.17	386	480		6		
430	Peralta, David	ARZ	OF	431.00	381	483		6		
431	Staumont, Josh	KC	P	432.67	409	499		6		
432	Brown, Seth	OAK	OF	432.67	405	488		6		
433	Minor, Mike	KC	P	433.50	362	483		6		
434	Suarez, Robert	SD	P	433.50	349	530		6		
435	Moore, Dylan	SEA	2B, OF	433.83	407	471		6		
436	Karinchak, James	CLE	P	435.50	420	450		6		
437	Garcia, Luis	WAS	2B	436.50	399	538		6		
438	Miley, Wade	CHC	P	436.50	402	463		6		
439	Jeffers, Ryan	MIN	C	437.00	398	454		6		
440	Wacha, Michael	BOS	P	438.50	414	469		6		
441	Zimmer, Bradley	CLE	OF	439.67	413	468		6		
442	Kieboom, Carter	WAS	3B	440.17	416	477		6		
443	Colome, Alex	MIN	P	441.33	410	501		6		
444	Mikolas, Miles	STL	P	442.00	398	473		6		
445	Calhoun, Kole	TEX	OF	442.83	395	491		6		
446	Sheets, Gavin	CWS	UT	443.00	422	481		6		
447	Hill, Rich	BOS	P	445.67	423	463		6		
448	Gordon, Nick	MIN	OF	450.67	376	500		6		
449	Garcia, Leury	CWS	2B, OF	452.00	430	481		6		
450	Isbel, Kyle	KC	OF	452.83	432	466		6		
451	Brubaker, JT	PIT	P	454.17	422	479		6		
452	Eflin, Zach	PHI	P	456.67	416	501		6		
453	Bumgarner, Madison	ARZ	P	458.00	409	514		6		
454	Warren, Art	CIN	P	458.00	429	491		6		
455	Kelly, Merrill	ARZ	P	458.33	412	518		6		
456	Cabrera, Miguel	DET	1B	459.67	434	522		6		
457	Severino, Pedro	MLW	C	459.83	442	492		6		
458	Hicks, Aaron	NYY	OF	459.83	417	492		6		
459	Bubic, Kris	KC	P	461.33	455	466		6		
460	Profar, Jurickson	SD	1B, OF	461.50	435	483		6		
461	Martinez, Nick	FA	P	465.33	439	502		6		
462	Pearson, Nate	TOR	P	467.33	422	527		6		
463	Gorman, Nolan	STL	2B	467.33	414	512		6		
464	Stratton, Chris	PIT	P	467.83	443	488		6		
465	Cabrera, Edward	MIA	P	467.83	444	508		6		
466	Odorizzi, Jake	HOU	P	467.83	451	485		6		
467	Alford, Anthony	PIT	OF	468.83	423	491		6		
468	Farmer, Kyle	CIN	SS	469.50	441	515		6		
469	Moreno, Gabriel	TOR	C	470.17	391	518		6		
470	Rodriguez, Grayson	BAL	P	471.17	419	539		6		
471	Espinal, Santiago	TOR	3B	471.17	437	499		6		
472	Sulser, Cole	BAL	P	471.50	389	537		6		
473	Pratto, Nick	KC	1B	472.17	442	500		6		
474	Rosenthal, Trevor	OAK	P	472.50	445	503		6		
475	Yepez, Juan	STL	1B	474.33	442	509		6		
476	Casas, Triston	BOS	1B	479.17	459	497		6		
477	Taveras, Leody	TEX	OF	480.17	401	534		6		
478	La Stella, Tommy	SF	2B	480.67	460	504		6		
479	Thompson, Zach	PIT	P	481.67	437	526		6		
480	Siri, Jose	HOU	OF	482.33	452	553		6		
481	Castro, Willi	DET	2B, SS	483.67	450	505		6		
482	Yarbrough, Ryan	TB	P	484.33	439	531		6		
483	Heuer, Codi	CHC	P	485.00	445	565		6		
484	Cano, Robinson	NYM	2B	485.00	453	506		6		
485	Ahmed, Nick	ARZ	SS	485.50	436	510		6		
486	Boxberger, Brad	MLW	P	488.00	446	565		6		
487	Meyer, Max	MIA	P	488.17	458	523		6		
488	Sanmartin, Reiver	CIN	P	489.17	467	514		6		
489	Fairbanks, Pete	TB	P	490.17	464	509		6		
490	Gil, Luis	NYY	P	493.50	444	539		6		
491	Perez, Roberto	PIT	C	494.50	399	576		6		
492	Murphy, Tom	SEA	C	496.67	439	552		6		
493	Kwan, Steven	CLE	OF	497.00	442	564		6		
494	Suarez, Jose	LAA	P	498.17	465	556		6		
495	Keller, Mitch	PIT	P	500.33	476	529		6		
496	Beede, Tyler	SF	P	500.83	462	524		6		
497	Hand, Brad	NYM	P	501.00	431	540		6		
498	Manning, Matt	DET	P	502.83	460	537		6		
499	Andrus, Elvis	OAK	SS	504.50	450	566		6		
500	Meyers, Jake	HOU	OF	506.00	435	588		6		
501	Chavis, Michael	PIT	2B	506.50	485	519		6		
502	Larnach, Trevor	MIN	OF	506.67	427	596		6		
503	Neris, Hector	HOU	P	507.67	448	568		6		
504	Rios, Edwin	LAD	1B	509.33	495	524		6		
505	Vierling, Matt	PHI	OF	509.67	435	556		6		
506	Diaz, Aledmys	HOU	3B	512.17	482	556		6		
507	Pinder, Chad	OAK	OF	515.00	478	545		6		
508	Irvin, Cole	OAK	P	515.17	486	557		6		
509	Ibanez, Andy	TEX	2B	519.00	470	554		6		
510	Anderson, Tyler	SEA	P	519.50	501	567		6		
511	Hicks, Jordan	STL	P	519.83	473	592		6		
512	Ramirez, Harold	CHC	OF	520.50	428	711		6		
513	Lodolo, Nick	CIN	P	520.50	472	602		6		
514	Lorenzen, Michael	LAA	P	521.17	487	550		6		
515	Miller, Brad	PHI	1B, OF	522.00	480	573		6		
516	Howard, Spencer	TEX	P	522.50	479	577		6		
517	Choi, Ji-Man	TB	1B	524.17	474	569		6		
518	Peterson, Jace	MLW	1B, 2B, OF	524.17	486	590		6		
519	Pina, Manny	ATL	C	524.33	459	569		6		
520	Peterson, David	NYM	P	525.33	500	562		6		
521	Puk, A.J.	OAK	P	526.33	471	564		6		
522	Lynch, Daniel	KC	P	527.50	466	602		6		
523	Diaz, Lewin	MIA	1B	528.67	506	548		6		
524	Stripling, Ross	TOR	P	530.00	492	604		6		
525	Gomber, Austin	COL	P	531.83	496	557		6		
526	Slater, Austin	SF	OF	535.33	494	595		6		
527	McHugh, Collin	TB	P	536.67	496	614		6		
528	Goodrum, Niko	DET	SS	538.00	465	589		6		
529	Maldonado, Martin	HOU	C	538.00	446	604		6		
530	Hudson, Daniel	LAD	P	538.50	507	574		6		
531	Crochet, Garrett	CWS	P	539.83	499	574		6		
532	Fedde, Erick	WAS	P	540.00	495	628		6		
533	Muller, Kyle	ATL	P	541.50	504	577		6		
534	Graveman, Kendall	CWS	P	541.83	480	635		6		
535	Rodriguez, Richard	ATL	P	542.67	505	679		6		
536	Thomas, Alek	ARZ	OF	542.67	498	622		6		
537	Olivares, Edward	KC	OF	543.00	476	607		6		
538	Quintana, Jose	PIT	P	543.50	503	608		6		
539	Walls, Taylor	TB	SS	543.67	483	625		6		
540	Rogers, Tyler	SF	P	543.83	497	600		6		
541	Kiermaier, Kevin	TB	OF	544.00	515	571		6		
542	Freeland, Kyle	COL	P	544.83	525	575		6		
543	Davidson, Tucker	ATL	P	546.33	521	585		6		
544	Soroka, Mike	ATL	P	549.33	457	599		6		
545	Raleigh, Cal	SEA	C	550.33	519	583		6		
546	May, Trevor	NYM	P	550.83	475	651		6		
547	Gutierrez, Vladimir	CIN	P	551.67	528	598		6		
548	Caratini, Victor	SD	C	552.33	522	603		6		
549	Hernandez, Yadiel	WAS	OF	552.50	501	614		6		
550	Escobar, Alcides	WAS	SS	552.83	490	580		6		
551	Smyly, Drew	ATL	P	552.83	502	620		6		
552	Trevino, Jose	TEX	C	554.67	425	635		6		
553	Otto, Glenn	TEX	P	555.50	461	623		6		
554	Lyles, Jordan	BAL	P	556.67	513	589		6		
555	Hearn, Taylor	TEX	P	557.00	491	636		6		
556	Davis, Brennen	CHC	OF	558.33	504	608		6		
557	Cavalli, Cade	WAS	P	559.33	478	637		6		
558	Tucker, Cole	PIT	SS	559.83	489	651		6		
559	Matzek, Tyler	ATL	P	560.33	519	594		6		
560	Lopez, Reynaldo	CWS	P	560.83	519	624		6		
561	Mercado, Oscar	CLE	OF	561.00	502	592		6		
562	Naylor, Josh	CLE	OF	562.33	520	599		6		
563	Reyes, Victor	DET	OF	566.33	495	686		6		
564	Gamel, Ben	PIT	OF	566.50	539	613		6		
565	Beaty, Matt	LAD	1B, OF	567.33	535	620		6		
566	Long, Sammy	SF	P	569.00	519	618		6		
567	Morris, Cody	CLE	P	569.17	540	630		6		
568	Upton, Justin	LAA	OF	569.17	544	602		6		
569	Bradley Jr., Jackie	BOS	OF	571.00	510	636		6		
570	Straily, Dan	FA	P	572.50	517	605		6		
571	Newman, Kevin	PIT	SS	573.83	507	645		6		
572	Alexander, Tyler	DET	P	576.17	548	614		6		
573	Keller, Brad	KC	P	576.33	556	597		6		
574	Duffy, Matt	CHC	2B, 3B	576.50	540	623		6		
575	Campusano, Luis	SD	C	576.83	514	686		6		
576	Tepera, Ryan	CWS	P	577.17	528	620		6		
577	Nunez, Dom	COL	C	577.67	545	608		6		
578	Dunn, Justin	SEA	P	577.67	557	628		6		
579	Nootbaar, Lars	STL	OF	578.33	521	647		6		
580	Munoz, Andres	SEA	P	578.83	562	612		6		
581	Keuchel, Dallas	CWS	P	579.50	555	628		6		
582	Senzatela, Antonio	COL	P	581.67	535	633		6		
583	Beer, Seth	ARZ	UT	581.67	562	606		6		
584	Wright, Kyle	ATL	P	583.00	558	618		6		
585	Thaiss, Matt	LAA	1B	583.50	472	726		6		
586	Alvarado, Jose	PHI	P	585.33	503	652		6		
587	Iglesias, Jose	BOS	SS	588.50	542	676		6		
588	Garcia, Luis	SD	P	589.00	499	703		6		
589	Berti, Jon	MIA	2B, 3B	590.33	466	719		6		
590	Brash, Matt	SEA	P	590.50	502	625		6		
591	Fraley, Jake	SEA	OF	592.00	542	632		6		
592	Huff, Sam	TEX	1B	592.67	514	652		6		
593	Brosseau, Mike	MLW	2B, 3B	593.33	551	658		6		
594	Garcia, Yimi	TOR	P	594.50	558	636		6		
595	Kim, Kwang Hyun	STL	P	597.50	529	627		6		
596	Price, David	LAD	P	598.17	558	673		6		
597	Higashioka, Kyle	NYY	C	599.17	577	655		6		
598	Hedges, Austin	CLE	C	600.83	555	666		6		
599	Dubon, Mauricio	SF	2B, SS, OF	601.17	529	653		6		
600	Duffey, Tyler	MIN	P	603.17	536	681		6		
601	Plawecki, Kevin	BOS	C	604.83	575	659		6		
602	Simmons, Andrelton	MIN	SS	608.33	579	677		6		
603	Burger, Jake	CWS	3B	608.83	533	671		6		
604	Smith, Caleb	ARZ	P	610.17	564	690		6		
605	Duffy, Danny	LAD	P	610.33	528	698		6		
606	Liberatore, Matt	STL	P	614.33	526	665		6		
607	Kirby, George	SEA	P	615.00	566	709		6		
608	Jefferies, Daulton	OAK	P	616.50	585	677		6		
609	Morgan, Eli	CLE	P	618.50	541	665		6		
610	Casali, Curt	SF	C	620.00	586	670		6		
611	White, Mitch	LAD	P	621.17	582	721		6		
612	Barnes, Austin	LAD	C	621.50	573	660		6		
613	Bard, Daniel	COL	P	625.67	527	720		6		
614	Falter, Bailey	PHI	P	626.50	603	653		6		
615	Merryweather, Julian	TOR	P	626.50	563	694		6		
616	Castro, Jason	HOU	C	627.83	555	672		6		
617	Moran, Colin	PIT	1B	629.33	550	691		6		
618	Herrera, Odubel	PHI	OF	630.67	582	722		6		
619	Bummer, Aaron	CWS	P	631.00	586	662		6		
620	Engel, Adam	CWS	OF	631.00	566	744		6		
621	Canning, Griffin	LAA	P	631.33	564	730		6		
622	Stephenson, Robert	COL	P	631.50	538	695		6		
623	Abrams, CJ	SD	SS	632.83	533	708		6		
624	Suter, Brent	MLW	P	632.83	560	670		6		
625	Graterol, Brusdar	LAD	P	634.50	474	692		6		
626	Pagan, Emilio	SD	P	634.83	578	692		6		
627	McKinstry, Zach	LAD	2B, OF	635.67	597	707		6		
628	Arroyo, Christian	BOS	2B	636.17	598	669		6		
629	Pomeranz, Drew	SD	P	637.17	534	702		6		
630	Kowar, Jackson	KC	P	637.50	566	712		6		
631	Chang, Yu	CLE	1B, 3B	637.50	581	672		6		
632	Mills, Alec	CHC	P	637.67	577	700		6		
633	Alexy, A.J.	TEX	P	639.50	608	683		6		
634	Contreras, William	ATL	C	642.67	608	721		6		
635	Phillips, Brett	TB	OF	643.50	540	693		6		
636	Santillan, Tony	CIN	P	644.33	601	652		5		
637	Richards, Trevor	TOR	P	645.00	562	701		5		
638	Pache, Cristian	ATL	OF	646.50	578	720		6		
639	Adams, Riley	WAS	C	647.33	628	685		6		
640	Vesia, Alex	LAD	P	648.50	595	701		6		
641	Lugo, Seth	NYM	P	648.67	593	696		6		
642	Loup, Aaron	LAA	P	650.33	579	711		6		
643	Steele, Justin	CHC	P	652.33	595	686		6		
644	Franco, Maikel	BAL	3B	653.17	591	704		6		
645	Mayers, Mike	LAA	P	654.17	549	715		6		
646	Welker, Colton	COL	3B	657.17	568	743		6		
647	Winn, Cole	TEX	P	657.17	622	707		6		
648	Duggar, Steven	SF	OF	657.33	604	704		6		
649	McCarthy, Jake	ARZ	OF	658.67	572	739		6		
650	Jackson, Luke	ATL	P	658.83	621	700		6		
651	Gore, MacKenzie	SD	P	658.83	613	703		6		
652	Rooker, Brent	MIN	OF	659.00	581	687		5		
653	VanMeter, Josh	ARZ	2B, 3B	662.17	607	720		6		
654	Dobnak, Randy	MIN	P	662.17	586	722		6		
655	Dickerson, Corey	TOR	OF	662.67	628	731		6		
656	Coleman, Dylan	KC	P	663.00	631	690		6		
657	Perdomo, Geraldo	ARZ	SS	664.17	606	742		6		
658	Allen, Greg	PIT	OF	664.50	641	694		6		
659	Jones, Nolan	CLE	3B	665.00	607	691		6		
660	Romero, Tommy	TB	P	666.83	618	703		6		
661	Cousins, Jake	MLW	P	668.83	586	727		6		
662	Adon, Joan	WAS	P	669.67	583	698		5		
663	Cueto, Johnny	SF	P	669.67	567	741		5		
664	Andujar, Miguel	NYY	OF	670.17	645	693		6		
665	Honeywell Jr., Brent	OAK	P	672.50	561	748		6		
666	May, Dustin	LAD	P	673.00	626	644		4		
667	Espino, Paolo	WAS	P	674.00	630	691		5		
668	Gosselin, Phil	LAA	1B, 3B, OF	674.00	588	746		6		
669	Crowe, Wil	PIT	P	675.33	578	743		6		
670	Weathers, Ryan	SD	P	676.00	640	708		6		
671	Piscotty, Stephen	OAK	OF	676.67	600	704		5		
672	Cessa, Luis	CIN	P	677.00	612	702		5		
673	Collins, Zack	CWS	C	679.33	633	733		6		
674	Yajure, Miguel	PIT	P	680.50	620	722		5		
675	Chafin, Andrew	OAK	P	681.00	630	699		5		
676	Wilson, Bryse	PIT	P	681.67	640	718		5		
677	Heyward, Jason	CHC	OF	681.67	631	719		6		
678	Pillar, Kevin	NYM	OF	684.17	641	718		5		
679	Allen, Austin	OAK	C	685.67	655	743		6		
680	Givens, Mychal	CIN	P	686.83	585	750		5		
681	Cabrera, Asdrubal	CIN	3B	687.17	550	710		3		
682	Paxton, James	BOS	P	688.17	649	725		6		
683	Feyereisen, J.P.	TB	P	688.50	667	729		6		
684	Peters, Dillon	PIT	P	689.17	593	646		3		
685	Strider, Spencer	ATL	P	689.33	641	705		5		
686	Toussaint, Touki	ATL	P	689.83	635	729		6		
687	Martin, Corbin	ARZ	P	690.00	636	721		5		
688	Yates, Kirby	ATL	P	690.00	611	734		5		
689	Fortes, Nick	MIA	C	690.50	646	700		5		
690	Swaggerty, Travis	PIT	OF	690.83	610	722		6		
691	Zimmermann, Bruce	BAL	P	691.83	615	645		3		
692	Estrada, Thairo	SF	SS	692.17	615	742		5		
693	Leclerc, Jose	TEX	P	692.33	603	740		4		
694	Stanek, Ryne	HOU	P	692.83	661	732		6		
695	Holmes, Clay	NYY	P	694.50	435	728		2		
696	Hummel, Cooper	ARZ	OF	695.50	575	697		3		
697	Davies, Zach	CHC	P	695.83	626	720		4		
698	Garcia, Deivi	NYY	P	695.83	642	724		6		
699	Knizner, Andrew	STL	C	696.00	653	743		5		
700	Cameron, Daz	DET	OF	696.17	544	724		3		
701	Gilbert, Tyler	ARZ	P	696.83	617	714		4		
702	Lowther, Zac	BAL	P	697.67	671	704		5		
703	Evans, Demarcus	TEX	P	698.50	436	436		1		
704	Richards, Garrett	BOS	P	700.00	603	728		3		
705	Pasquantino, Vinnie	FA	1B	701.00	614	713		4		
706	Paredes, Isaac	DET	2B	701.33	564	737		3		
707	Waters, Drew	ATL	OF	702.00	639	738		6		
708	Aquino, Aristides	CIN	OF	705.50	612	728		5		
709	Diekman, Jake	OAK	P	705.50	640	735		6		
710	Fleming, Josh	TB	P	708.17	656	737		5		
711	White, Evan	SEA	1B	708.17	602	748		4		
712	Hernandez, Yonny	TEX	3B	708.83	635	750		5		
713	Castro, Harold	DET	2B, SS	709.00	590	660		2		
714	Ponce de Leon, Daniel	STL	P	709.83	573	682		2		
715	Lowrie, Jed	OAK	2B	710.00	634	735		3		
716	Ross, Joe	WAS	P	710.33	675	708		4		
717	Maton, Phil	HOU	P	712.00	540	743		3		
718	Rengifo, Luis	LAA	SS	712.33	627	643		2		
719	Ottavino, Adam	BOS	P	713.17	639	718		3		
720	McGuire, Reese	TOR	C	713.33	631	706		3		
721	Dickerson, Alex	SF	OF	713.67	632	728		3		
722	Vilade, Ryan	COL	OF	713.83	682	716		4		
723	Schmidt, Clarke	NYY	P	713.83	654	697		3		
724	Daza, Yonathan	COL	OF	714.17	664	739		5		
725	Garrett, Amir	CIN	P	714.17	631	732		4		
726	Chargois, JT	TB	P	714.83	534	534		1		
727	Adams, Austin	SD	P	715.00	662	745		5		
728	Wisler, Matt	TB	P	716.00	699	730		5		
729	Hall, D.L.	BAL	P	716.50	629	666		2		
730	Bote, David	CHC	2B, 3B	716.50	648	737		4		
731	Camargo, Johan	PHI	1B	717.00	634	664		2		
732	King, Michael	NYY	P	717.67	649	742		5		
733	Martin, Austin	TOR	OF	718.00	637	667		2		
734	Ramos, Heliot	SF	OF	718.50	673	702		3		
735	Fuentes, Joshua	COL	1B, 3B	718.67	561	747		2		
736	Solano, Donovan	SF	2B	719.50	661	711		3		
737	Sheffield, Justus	SEA	P	719.67	668	718		3		
738	Stammen, Craig	SD	P	720.67	695	736		5		
739	Moran, Jovani	MIN	P	721.83	576	576		1		
740	Akin, Keegan	BAL	P	721.83	667	749		4		
741	Dahl, David	TEX	OF	722.83	589	744		2		
742	Boyd, Matthew	DET	P	723.33	687	749		4		
743	Marcano, Tucupita	PIT	2B	724.00	655	726		3		
744	Balazovic, Jordan	MIN	P	724.17	665	733		4		
745	Ward, Taylor	LAA	OF	724.50	619	724		2		
746	Downs, Jeter	BOS	SS	725.67	628	745		3		
747	Acevedo, Domingo	OAK	P	725.67	599	599		1		
748	Cotton, Jharel	MIN	P	725.83	656	695		2		
749	Guerra, Deolis	OAK	P	726.17	602	602		1		
750	Oviedo, Johan	STL	P	726.83	658	699		2		
751	Sadler, Casey	SEA	P	727.00	700	739		5		
752	Sisco, Chance	NYM	C	727.00	607	607		1		
753	Lewis, Royce	MIN	SS	727.17	676	748		4		
754	Luplow, Jordan	ARZ	OF	728.50	679	738		3		
755	Trammell, Taylor	SEA	OF	729.17	698	714		3		
756	Bleday, JJ	MIA	UT	729.33	669	746		3		
757	Florial, Estevan	NYY	OF	729.33	621	621		1		
758	Kilian, Caleb	FA	P	729.50	649	724		2		
759	Allen, Logan T.	FA	P	729.67	707	749		4		
760	Miller, Bobby	LAD	P	729.67	623	623		1		
761	Patton, Spencer	TEX	P	730.00	659	717		2		
762	Scott, Tanner	BAL	P	730.17	699	744		4		
763	Castillo, Diego	PIT	2B	730.50	684	740		4		
764	Allard, Kolby	TEX	P	732.17	695	746		4		
765	Vogelbach, Daniel	MLW	1B	732.50	692	699		2		
766	Peraza, Oswald	NYY	SS	732.50	640	640		1		
767	Smith, Kevin	TOR	3B	732.67	673	719		2		
768	Alberto, Hanser	KC	2B, 3B	732.67	671	721		2		
769	Langeliers, Shea	ATL	C	732.83	681	712		2		
770	Palacios, Richie	CLE	2B	732.83	642	642		1		
771	Vargas, Miguel	LAD	3B	733.33	672	724		2		
772	Raley, Brooks	TB	P	733.33	714	742		5		
773	Park, Hoy	PIT	2B	733.67	696	741		3		
774	Peralta, Wily	DET	P	734.33	696	706		2		
775	Robles, Hansel	BOS	P	734.83	698	736		3		
776	Brentz, Jake	KC	P	735.00	683	723		2		
777	Mercedes, Yermin	CWS	UT	735.67	659	659		1		
778	Kelly, Joe	LAD	P	736.50	667	748		2		
779	Hill, Derek	DET	OF	736.50	664	664		1		
780	Small, Ethan	MLW	P	736.67	665	665		1		
781	Dominguez, Seranthony	PHI	P	737.17	678	741		2		
782	Shaw, Travis	BOS	1B, 3B	737.50	670	670		1		
783	Stewart, DJ	BAL	OF	738.33	675	675		1		
784	Perez, Martin	BOS	P	738.50	676	676		1		
785	Minter, A.J.	ATL	P	738.67	677	677		1		
786	Kingery, Scott	PHI	OF	739.00	679	679		1		
787	Schrock, Max	CIN	OF	739.17	680	680		1		
788	Marchan, Rafael	PHI	C	739.17	680	680		1		
789	Friedl, TJ	CIN	OF	739.50	716	746		3		
790	Davis, Brendon	LAA	3B	739.83	684	684		1		
791	Montero, Elehuris	COL	3B	739.83	684	684		1		
792	Alcantara, Sergio	CHC	2B, SS	740.00	715	721		2		
793	Bukauskas, J.B.	ARZ	P	740.33	687	687		1		
794	Nido, Tomas	NYM	C	740.33	702	736		2		
795	Ramos, Wilson	CLE	C	740.50	688	688		1		
796	Wendelken, J.B.	ARZ	P	740.67	725	750		5		
797	Happ, J.A.	STL	P	740.67	723	749		4		
798	Bauers, Jake	SEA	1B, OF	741.00	691	691		1		
799	Noda, Ryan	LAD	UT	741.17	692	692		1		
800	Leiter Jr., Mark	DET	P	741.17	718	725		2		
801	Widener, Taylor	ARZ	P	741.33	693	693		1		
802	Chirinos, Yonny	TB	P	741.50	694	694		1		
803	Mayfield, Jack	LAA	3B	742.00	697	697		1		
804	Castro, Kervin	SF	P	742.00	719	729		2		
805	Nottingham, Jacob	SEA	UT	742.17	708	741		2		
806	Leon, Pedro	FA	OF	743.17	704	704		1		
807	Anderson, Brett	MLW	P	743.33	705	705		1		
808	Osuna, Roberto	FA	P	743.33	705	705		1		
809	Archer, Chris	TB	P	743.33	726	743		3		
810	Poche, Colin	TB	P	743.67	727	731		2		
811	Vientos, Mark	NYM	UT	744.00	709	709		1		
812	Brogdon, Connor	PHI	P	744.00	729	731		2		
813	Crouse, Hans	PHI	P	744.50	729	734		2		
814	Williamson, Brandon	SEA	P	744.67	717	747		2		
815	Oliva, Jared	PIT	OF	744.83	714	714		1		
816	Solomon, Peter	HOU	P	744.83	720	745		2		
817	Pepiot, Ryan	LAD	P	744.83	727	738		2		
818	Mayza, Tim	TOR	P	745.00	715	715		1		
819	Velazquez, Nelson	CHC	OF	745.33	717	717		1		
820	Stefanic, Michael	FA	2B	745.67	719	719		1		
821	Arias, Gabriel	CLE	SS	745.83	720	720		1		
822	Battenfield, Peyton	FA	P	746.00	721	721		1		
823	Mazara, Nomar	DET	OF	746.33	730	744		2		
824	Cabrera, Genesis	STL	P	746.67	735	741		2		
825	Coonrod, Sam	PHI	P	746.67	725	725		1		
826	Foltynewicz, Mike	TEX	P	746.67	725	725		1		
827	Allen, Logan	CLE	P	746.83	726	726		1		
828	Swanson, Erik	SEA	P	746.83	733	744		2		
829	Gutierrez, Kelvin	BAL	3B	747.00	738	740		2		
830	Pinto, Rene	TB	UT	747.00	727	727		1		
831	Bass, Anthony	MIA	P	747.33	729	729		1		
832	Tate, Dillon	BAL	P	747.50	730	730		1		
833	Morejon, Adrian	SD	P	747.67	731	731		1		
834	James, Josh	HOU	P	747.83	732	732		1		
835	Winder, Josh	MIN	P	748.00	737	747		2		
836	Lopez, Jorge	BAL	P	748.00	733	733		1		
837	Williams, Trevor	NYM	P	748.33	735	735		1		
838	Kahnle, Tommy	LAD	P	748.33	735	735		1		
839	Thielbar, Caleb	MIN	P	748.50	736	736		1		
840	Effross, Scott	CHC	P	748.50	736	736		1		
841	Baty, Brett	NYM	3B	748.83	738	738		1		
842	Woodford, Jake	STL	P	749.00	739	739		1		
843	Wieck, Brad	CHC	P	749.00	739	739		1		
844	Jax, Griffin	MIN	P	749.17	740	740		1		
845	Torreyes, Ronald	PHI	3B, SS	749.17	740	740		1		
846	Kreidler, Ryan	FA	SS	749.50	742	742		1		
847	Smith, Mallex	SEA	OF	749.50	742	742		1		
848	Busch, Michael	LAD	2B	749.83	744	744		1		
849	Freeman, Tyler	CLE	UT	750.00	745	745		1		
850	Seabold, Connor	BOS	P	750.00	745	745		1		
851	Harvey, Matt	BAL	P	750.17	746	746		1		
852	Ramirez, Noe	ARZ	P	750.17	746	746		1		
853	Rojas, Jose	LAA	OF	750.33	747	747		1		
854	Jones, Taylor	HOU	1B	750.33	747	747		1		
855	Leone, Dominic	SF	P	750.50	748	748		1		
856	Brault, Steven	PIT	P	750.50	748	748		1		
857	Groshans, Jordan	TOR	SS	750.67	749	749		1		
858	White, Colby	FA	P	750.67	749	749		1		
859	Heasley, Jon	KC	P	750.83	750	750		1		
860	Posey, Buster	SF	C	750.83	750	750		1		
