Name,Player,Rank,Position(s),ADP,playerid,AB,H,R,HR,RBI,SB,IP,ER,W,SO,SV,H.P,BB,Available
Trea Turner,"Turner, Trea",1,"2B, SS",1.17,16252,605,179,103,27,87,30,,,,,,,,TRUE
Fernando Tatis Jr.,"Tatis Jr., Fernando",2,"SS, OF",2.5,19709,566,163,118,48,119,31,,,,,,,,TRUE
Jose Ramirez,"Ramirez, Jose",3,3B,2.83,13510,573,155,102,35,108,26,,,,,,,,TRUE
Juan Soto,"Soto, Juan",4,OF,4.33,20123,523,163,116,36,115,12,,,,,,,,TRUE
Bo Bichette,"Bichette, Bo",5,SS,5.33,19612,604,175,103,29,98,21,,,,,,,,TRUE
Gerrit Cole,"Cole, Gerrit",6,P,5.83,13125,,,,,,,199,68,16,267,0,154,52,TRUE
Vladimir Guerrero Jr.,"Guerrero Jr., Vladimir",7,1B,7,19611,577,176,114,45,118,3,,,,,,,,TRUE
Corbin Burnes,"Burnes, Corbin",8,P,8.67,19361,,,,,,,175,58,12,225,0,135,53,TRUE
Shohei Ohtani,"Ohtani, Shohei",9,"P, UT",9.5,19755,541,140,100,40,103,23,156,63,9,183,0,131,56,TRUE
Ronald Acuna Jr.,"Acuna Jr., Ronald",10,OF,10.33,18401,476,134,104,36,84,23,,,,,,,,TRUE
Bryce Harper,"Harper, Bryce",11,OF,10.5,11579,545,147,103,36,106,14,,,,,,,,TRUE
Kyle Tucker,"Tucker, Kyle",12,OF,12.17,18345,570,161,94,32,104,19,,,,,,,,TRUE
Max Scherzer,"Scherzer, Max",13,P,15,3137,,,,,,,188,68,13,247,0,146,47,TRUE
Mookie Betts,"Betts, Mookie",14,OF,15.17,13611,574,160,114,30,83,18,,,,,,,,TRUE
Luis Robert,"Robert, Luis",15,OF,16.33,20043,588,166,89,29,90,18,,,,,,,,TRUE
Walker Buehler,"Buehler, Walker",16,P,16.5,19374,,,,,,,196,80,13,207,0,173,52,TRUE
Brandon Woodruff,"Woodruff, Brandon",17,P,17.33,16162,,,,,,,183,69,12,211,0,155,49,TRUE
Ozzie Albies,"Albies, Ozzie",18,2B,17.5,16556,607,166,99,27,89,18,,,,,,,,TRUE
Mike Trout,"Trout, Mike",19,OF,17.67,10155,508,138,105,39,105,10,,,,,,,,TRUE
Rafael Devers,"Devers, Rafael",20,3B,18.33,17350,597,168,102,37,111,6,,,,,,,,TRUE
Zack Wheeler,"Wheeler, Zack",21,P,19.67,10310,,,,,,,207,79,14,214,0,185,51,TRUE
Freddie Freeman,"Freeman, Freddie",22,1B,23.67,5361,587,171,104,30,97,7,,,,,,,,TRUE
Manny Machado,"Machado, Manny",23,3B,23.83,11493,596,163,90,31,107,11,,,,,,,,TRUE
Liam Hendriks,"Hendriks, Liam",24,P,24.67,3548,,,,,,,68,21,5,100,29,49,16,TRUE
Josh Hader,"Hader, Josh",25,P,25.33,14212,,,,,,,67,20,5,111,26,39,27,TRUE
Starling Marte,"Marte, Starling",26,OF,25.67,9241,525,142,81,16,64,31,,,,,,,,TRUE
Jacob deGrom,"deGrom, Jacob",27,P,26.17,10954,,,,,,,153,41,11,218,0,105,34,TRUE
Whit Merrifield,"Merrifield, Whit",28,"2B, OF",29.5,11281,592,166,84,11,59,28,,,,,,,,TRUE
Shane Bieber,"Bieber, Shane",29,P,32.17,19427,,,,,,,189,68,13,237,0,160,49,TRUE
Yordan Alvarez,"Alvarez, Yordan",30,OF,32.17,19556,557,159,96,39,119,2,,,,,,,,TRUE
Cedric Mullins,"Mullins, Cedric",31,OF,32.83,17929,590,154,86,24,66,26,,,,,,,,TRUE
Aaron Nola,"Nola, Aaron",32,P,33.17,16149,,,,,,,191,78,12,217,0,166,54,TRUE
Julio Urias,"Urias, Julio",33,P,34.17,14765,,,,,,,159,68,11,161,0,146,41,TRUE
Raisel Iglesias,"Iglesias, Raisel",34,P,34.83,17130,,,,,,,68,23,6,92,31,53,18,TRUE
Trevor Story,"Story, Trevor",35,SS,35,12564,574,148,90,28,85,23,,,,,,,,TRUE
Lucas Giolito,"Giolito, Lucas",36,P,36.17,15474,,,,,,,181,74,13,215,0,150,58,TRUE
Tim Anderson,"Anderson, Tim",37,SS,37.33,15172,627,182,98,22,71,20,,,,,,,,TRUE
Salvador Perez,"Perez, Salvador",38,C,37.83,7304,561,146,74,36,99,1,,,,,,,,TRUE
Sandy Alcantara,"Alcantara, Sandy",39,P,39.17,18684,,,,,,,200,81,12,195,0,180,60,TRUE
Teoscar Hernandez,"Hernandez, Teoscar",40,OF,39.33,13066,594,156,90,35,107,10,,,,,,,,TRUE
Emmanuel Clase,"Clase, Emmanuel",41,P,40.17,21032,,,,,,,67,20,5,79,31,54,20,TRUE
Marcus Semien,"Semien, Marcus",42,"2B, SS",40.83,12533,590,155,97,30,82,12,,,,,,,,TRUE
Aaron Judge,"Judge, Aaron",43,OF,43.33,15640,565,155,100,41,107,6,,,,,,,,TRUE
Edwin Diaz,"Diaz, Edwin",44,P,45.17,14710,,,,,,,67,22,5,100,33,47,26,TRUE
Xander Bogaerts,"Bogaerts, Xander",45,SS,47,12161,587,165,91,26,95,7,,,,,,,,TRUE
Tyler O'Neill,"O'Neill, Tyler",46,OF,47.5,15711,566,146,94,38,100,15,,,,,,,,TRUE
Freddy Peralta,"Peralta, Freddy",47,P,47.83,18679,,,,,,,140,61,9,180,0,110,59,TRUE
Ryan Pressly,"Pressly, Ryan",48,P,48.17,7005,,,,,,,66,22,5,81,30,54,18,TRUE
Robbie Ray,"Ray, Robbie",49,P,48.83,11486,,,,,,,193,77,12,253,0,151,66,TRUE
Adalberto Mondesi,"Mondesi, Adalberto",50,3B,50.33,13769,548,136,73,19,70,50,,,,,,,,TRUE
Chris Sale,"Sale, Chris",51,P,51.83,10603,,,,,,,149,59,11,185,0,128,42,TRUE
Matt Olson,"Olson, Matt",52,1B,52,14344,565,147,95,40,112,3,,,,,,,,TRUE
Francisco Lindor,"Lindor, Francisco",53,SS,52.83,12916,582,150,93,29,87,15,,,,,,,,TRUE
Byron Buxton,"Buxton, Byron",54,OF,54.33,14161,524,141,85,32,86,18,,,,,,,,TRUE
J.T. Realmuto,"Realmuto, J.T.",55,C,54.5,11739,538,138,77,22,84,10,,,,,,,,TRUE
Randy Arozarena,"Arozarena, Randy",56,OF,59.17,19290,559,144,88,23,75,21,,,,,,,,TRUE
Logan Webb,"Webb, Logan",57,P,59.33,17995,,,,,,,184,69,12,183,0,170,53,TRUE
Aroldis Chapman,"Chapman, Aroldis",58,P,59.83,10233,,,,,,,64,21,5,104,32,41,35,TRUE
Paul Goldschmidt,"Goldschmidt, Paul",59,1B,60,9218,589,160,93,29,90,7,,,,,,,,TRUE
Will Smith,"Smith, Will",60,C,60.33,19197,434,109,72,27,84,3,,,,,,,,TRUE
Javier Baez,"Baez, Javier",61,"2B, SS",61.83,12979,567,143,78,27,84,16,,,,,,,,TRUE
Wander Franco,"Franco, Wander",62,SS,64,23667,584,167,93,19,84,10,,,,,,,,TRUE
Kenley Jansen,"Jansen, Kenley",63,P,64.17,3096,,,,,,,67,28,4,84,0,54,26,TRUE
Austin Riley,"Riley, Austin",64,3B,64.5,18360,597,163,88,33,102,1,,,,,,,,TRUE
Max Fried,"Fried, Max",65,P,66,13743,,,,,,,183,72,14,174,0,170,50,TRUE
Pete Alonso,"Alonso, Pete",66,1B,66.17,19251,565,146,91,42,112,2,,,,,,,,TRUE
Will Smith,"Smith, Will",67,P,67.83,8048,,,,,,,70,30,5,87,28,58,26,TRUE
Lance Lynn,"Lynn, Lance",68,P,68.33,2520,,,,,,,182,81,12,194,0,166,59,TRUE
Joe Musgrove,"Musgrove, Joe",69,P,69,12970,,,,,,,179,74,12,191,0,159,51,TRUE
Dylan Cease,"Cease, Dylan",70,P,69.67,18525,,,,,,,163,72,11,200,0,137,71,TRUE
Jazz Chisholm Jr.,"Chisholm Jr., Jazz",71,"2B, SS",69.83,20454,494,116,70,21,61,21,,,,,,,,TRUE
Kevin Gausman,"Gausman, Kevin",72,P,71.17,14107,,,,,,,187,78,13,203,0,168,49,TRUE
Nick Castellanos,"Castellanos, Nick",73,OF,73.83,11737,592,165,93,31,98,3,,,,,,,,TRUE
Tommy Edman,"Edman, Tommy",74,"2B, OF",75,19470,566,154,80,12,56,24,,,,,,,,TRUE
Jordan Romano,"Romano, Jordan",75,P,75.83,16122,,,,,,,66,25,5,86,27,51,25,TRUE
George Springer,"Springer, George",76,OF,76.17,12856,567,149,104,35,92,8,,,,,,,,TRUE
Brandon Lowe,"Lowe, Brandon",77,2B,76.17,18882,538,132,88,34,94,7,,,,,,,,TRUE
Trevor Rogers,"Rogers, Trevor",78,P,79.67,22286,,,,,,,146,58,10,166,0,126,52,TRUE
Eloy Jimenez,"Jimenez, Eloy",79,OF,80,17484,581,158,80,34,104,1,,,,,,,,TRUE
Jorge Polanco,"Polanco, Jorge",80,"2B, SS",80.33,13152,584,160,89,25,86,11,,,,,,,,TRUE
Jose Berrios,"Berrios, Jose",81,P,80.67,14168,,,,,,,196,85,13,202,0,180,53,TRUE
Frankie Montas,"Montas, Frankie",82,P,81.17,14309,,,,,,,177,71,12,190,0,158,53,TRUE
Jose Altuve,"Altuve, Jose",83,2B,83.83,5417,568,158,99,25,76,7,,,,,,,,TRUE
Jack Flaherty,"Flaherty, Jack",84,P,84.67,17479,,,,,,,169,70,11,184,0,144,56,TRUE
Nolan Arenado,"Arenado, Nolan",85,3B,85.17,9777,604,159,86,32,103,2,,,,,,,,TRUE
Jonathan India,"India, Jonathan",86,2B,85.67,21523,546,142,96,21,71,12,,,,,,,,TRUE
Bobby Witt Jr.,"Witt Jr., Bobby",87,SS,86.33,sa3011225,527,141,72,23,73,21,,,,,,,,TRUE
Jose Abreu,"Abreu, Jose",88,1B,86.5,15676,593,155,84,31,109,1,,,,,,,,TRUE
Giovanny Gallegos,"Gallegos, Giovanny",89,P,88,14986,,,,,,,70,27,5,84,23,56,21,TRUE
Corey Seager,"Seager, Corey",90,SS,88.67,13624,520,151,88,25,87,4,,,,,,,,TRUE
Ketel Marte,"Marte, Ketel",91,"2B, OF",89.17,13613,580,168,86,21,77,5,,,,,,,,TRUE
Luis Castillo,"Castillo, Luis",92,P,90.17,15689,,,,,,,192,82,14,202,0,175,71,TRUE
Charlie Morton,"Morton, Charlie",93,P,90.67,4676,,,,,,,165,65,12,184,0,142,54,TRUE
Yu Darvish,"Darvish, Yu",94,P,92,13074,,,,,,,165,73,10,185,0,146,50,TRUE
J.D. Martinez,"Martinez, J.D.",95,OF,95.5,6184,592,160,89,30,98,1,,,,,,,,TRUE
Bryan Reynolds,"Reynolds, Bryan",96,OF,95.83,19326,581,162,89,23,87,5,,,,,,,,TRUE
Daulton Varsho,"Varsho, Daulton",97,"C, OF",97.83,19918,393,99,56,16,53,9,,,,,,,,TRUE
Alek Manoah,"Manoah, Alek",98,P,98.5,26410,,,,,,,141,60,10,160,0,119,51,TRUE
Cody Bellinger,"Bellinger, Cody",99,OF,99.17,15998,507,124,81,29,90,11,,,,,,,,TRUE
Shane McClanahan,"McClanahan, Shane",100,P,101.67,21483,,,,,,,149,62,11,166,0,133,51,TRUE
Kris Bryant,"Bryant, Kris",101,"3B, OF",102,15429,522,134,82,23,73,7,,,,,,,,TRUE
Alex Bregman,"Bregman, Alex",102,3B,103.5,17678,529,144,91,26,93,3,,,,,,,,TRUE
Justin Verlander,"Verlander, Justin",103,P,105.33,8700,,,,,,,180,70,14,220,0,145,40,TRUE
Christian Yelich,"Yelich, Christian",104,OF,105.33,11477,544,143,93,26,86,16,,,,,,,,TRUE
Yasmani Grandal,"Grandal, Yasmani",105,C,106.5,11368,434,102,72,26,77,1,,,,,,,,TRUE
Blake Snell,"Snell, Blake",106,P,106.83,13543,,,,,,,151,62,10,185,0,123,67,TRUE
Craig Kimbrel,"Kimbrel, Craig",107,P,110.5,6655,,,,,,,66,27,5,98,4,47,32,TRUE
Willson Contreras,"Contreras, Willson",108,C,111.33,11609,494,118,72,24,75,5,,,,,,,,TRUE
Anthony Rendon,"Rendon, Anthony",109,3B,111.5,12861,493,134,77,21,83,2,,,,,,,,TRUE
Carlos Correa,"Correa, Carlos",110,SS,113,14162,555,154,90,28,96,1,,,,,,,,TRUE
Ryan Mountcastle,"Mountcastle, Ryan",111,"1B, OF",114.17,18373,578,152,79,30,94,4,,,,,,,,TRUE
Nathan Eovaldi,"Eovaldi, Nathan",112,P,115.5,9132,,,,,,,179,76,12,186,0,173,43,TRUE
Jesse Winker,"Winker, Jesse",113,OF,116,13590,493,140,84,25,78,2,,,,,,,,TRUE
Myles Straw,"Straw, Myles",114,OF,116.67,17620,495,132,67,4,40,26,,,,,,,,TRUE
DJ LeMahieu,"LeMahieu, DJ",115,"1B, 2B, 3B",118,9874,576,163,89,14,64,5,,,,,,,,TRUE
Giancarlo Stanton,"Stanton, Giancarlo",116,OF,119.17,4949,521,136,80,36,102,1,,,,,,,,TRUE
Dansby Swanson,"Swanson, Dansby",117,SS,119.5,18314,596,147,85,24,79,10,,,,,,,,TRUE
Shane Baz,"Baz, Shane",118,P,120.33,22264,,,,,,,104,42,7,119,0,89,34,TRUE
Mitch Haniger,"Haniger, Mitch",119,OF,120.83,14274,548,135,87,30,85,3,,,,,,,,TRUE
Mark Melancon,"Melancon, Mark",120,P,122,4264,,,,,,,65,28,4,53,30,66,23,TRUE
Jared Walsh,"Walsh, Jared",121,1B,123,18607,583,153,86,34,108,2,,,,,,,,TRUE
Jake Cronenworth,"Cronenworth, Jake",122,"1B, 2B, SS",124.33,18036,561,153,83,17,72,7,,,,,,,,TRUE
Willy Adames,"Adames, Willy",123,SS,126.17,15986,548,139,80,24,74,7,,,,,,,,TRUE
Pablo Lopez,"Lopez, Pablo",124,P,127,17085,,,,,,,155,64,10,154,0,143,41,TRUE
Sean Manaea,"Manaea, Sean",125,P,127.17,15873,,,,,,,175,71,12,176,0,164,41,TRUE
Zac Gallen,"Gallen, Zac",126,P,127.83,19291,,,,,,,173,80,11,186,0,159,64,TRUE
Tyler Mahle,"Mahle, Tyler",127,P,128.83,16358,,,,,,,169,81,10,184,0,159,61,TRUE
Josh Bell,"Bell, Josh",128,1B,130,13145,553,147,87,31,105,0,,,,,,,,TRUE
Ke'Bryan Hayes,"Hayes, Ke'Bryan",129,3B,130,18577,540,140,75,14,59,11,,,,,,,,TRUE
Trent Grisham,"Grisham, Trent",130,OF,130.67,18564,520,128,80,20,68,15,,,,,,,,TRUE
Corey Knebel,"Knebel, Corey",131,P,131,15010,,,,,,,60,25,3,77,15,49,25,TRUE
C.J. Cron,"Cron, C.J.",132,1B,131,12546,511,137,75,30,94,1,,,,,,,,TRUE
Carlos Rodon,"Rodon, Carlos",133,P,133.33,16137,,,,,,,150,63,11,186,0,125,53,TRUE
Chris Bassitt,"Bassitt, Chris",134,P,134.5,12304,,,,,,,179,77,10,168,0,163,52,TRUE
Akil Baddoo,"Baddoo, Akil",135,OF,136,22168,547,138,80,18,69,23,,,,,,,,TRUE
Rhys Hoskins,"Hoskins, Rhys",136,1B,139.67,16472,447,106,75,28,78,4,,,,,,,,TRUE
Franmil Reyes,"Reyes, Franmil",137,UT,139.67,14566,575,146,84,40,109,4,,,,,,,,TRUE
Amed Rosario,"Rosario, Amed",138,SS,140.83,15518,555,153,73,13,62,13,,,,,,,,TRUE
Kyle Schwarber,"Schwarber, Kyle",139,OF,141.5,16478,494,123,84,35,91,2,,,,,,,,TRUE
Camilo Doval,"Doval, Camilo",140,P,142,21992,,,,,,,67,28,5,82,26,54,38,TRUE
Gleyber Torres,"Torres, Gleyber",141,SS,142,16997,576,152,80,23,83,13,,,,,,,,TRUE
Luis Urias,"Urias, Luis",142,"2B, 3B, SS",142.17,16622,515,131,74,20,73,6,,,,,,,,TRUE
Framber Valdez,"Valdez, Framber",143,P,142.17,17295,,,,,,,188,79,13,176,0,175,79,TRUE
Chris Taylor,"Taylor, Chris",144,"2B, SS, OF",142.5,13757,559,138,83,20,81,11,,,,,,,,TRUE
Eduardo Rodriguez,"Rodriguez, Eduardo",145,P,142.5,13164,,,,,,,183,74,12,193,0,169,58,TRUE
Jarred Kelenic,"Kelenic, Jarred",146,OF,142.5,22558,508,117,68,24,75,13,,,,,,,,TRUE
Logan Gilbert,"Gilbert, Logan",147,P,145.83,22250,,,,,,,133,61,8,138,0,123,37,TRUE
Blake Treinen,"Treinen, Blake",148,P,145.83,12572,,,,,,,70,27,6,78,27,59,26,TRUE
Scott Barlow,"Barlow, Scott",149,P,147.83,14993,,,,,,,66,27,4,81,27,56,28,TRUE
Luis Garcia,"Garcia, Luis",150,P,148.33,23735,,,,,,,161,74,11,172,0,147,57,TRUE
Joey Votto,"Votto, Joey",151,1B,148.33,4314,559,139,85,32,97,2,,,,,,,,TRUE
Yoan Moncada,"Moncada, Yoan",152,3B,148.33,17232,559,145,83,21,75,5,,,,,,,,TRUE
Lourdes Gurriel Jr.,"Gurriel Jr., Lourdes",153,OF,151,19238,551,150,73,26,87,4,,,,,,,,TRUE
Austin Meadows,"Meadows, Austin",154,OF,153.83,15672,540,136,81,28,94,7,,,,,,,,TRUE
Ty France,"France, Ty",155,"1B, 2B",154.5,17982,571,158,82,22,83,1,,,,,,,,TRUE
Taylor Rogers,"Rogers, Taylor",156,P,158.33,13449,,,,,,,67,21,5,84,24,55,18,TRUE
Tyler Stephenson,"Stephenson, Tyler",157,"C, 1B",158.5,17988,388,103,55,12,50,1,,,,,,,,TRUE
Michael Kopech,"Kopech, Michael",158,P,159.33,17282,,,,,,,111,47,7,143,0,91,46,TRUE
Eddie Rosario,"Rosario, Eddie",159,OF,161.33,12155,547,147,75,26,90,9,,,,,,,,TRUE
David Bednar,"Bednar, David",160,P,161.67,19569,,,,,,,64,26,3,76,24,54,25,TRUE
Alex Verdugo,"Verdugo, Alex",161,OF,162.67,17027,547,158,81,15,65,7,,,,,,,,TRUE
Gregory Soto,"Soto, Gregory",162,P,163.33,19677,,,,,,,68,29,4,82,24,56,38,TRUE
Keibert Ruiz,"Ruiz, Keibert",163,C,163.33,19610,462,125,59,21,70,1,,,,,,,,TRUE
Ryan McMahon,"McMahon, Ryan",164,"2B, 3B",163.33,15112,515,131,74,24,81,5,,,,,,,,TRUE
Ian Anderson,"Anderson, Ian",165,P,163.83,19951,,,,,,,156,71,10,160,0,141,68,TRUE
Avisail Garcia,"Garcia, Avisail",166,OF,164.33,5760,545,141,71,23,78,8,,,,,,,,TRUE
Justin Turner,"Turner, Justin",167,3B,167.83,5235,522,140,79,22,83,3,,,,,,,,TRUE
Anthony Rizzo,"Rizzo, Anthony",168,1B,168.33,3473,507,131,78,25,81,6,,,,,,,,TRUE
Hunter Renfroe,"Renfroe, Hunter",169,OF,168.83,15464,523,122,78,34,90,3,,,,,,,,TRUE
Kolten Wong,"Wong, Kolten",170,2B,171,12532,521,138,75,14,55,15,,,,,,,,TRUE
Max Muncy,"Muncy, Max",171,"1B, 2B",172.17,13301,471,117,86,32,95,3,,,,,,,,TRUE
Sonny Gray,"Gray, Sonny",172,P,172.5,12768,,,,,,,157,73,10,167,0,143,63,TRUE
Tarik Skubal,"Skubal, Tarik",173,P,172.83,22267,,,,,,,154,71,10,166,0,142,51,TRUE
Robbie Grossman,"Grossman, Robbie",174,OF,173,5254,510,123,75,17,59,15,,,,,,,,TRUE
Brendan Rodgers,"Rodgers, Brendan",175,"2B, SS",174.67,17907,525,147,72,21,70,1,,,,,,,,TRUE
Andrew Benintendi,"Benintendi, Andrew",176,OF,176.67,17901,500,134,69,16,67,11,,,,,,,,TRUE
Dylan Carlson,"Carlson, Dylan",177,OF,177.17,20126,554,143,78,20,75,4,,,,,,,,TRUE
Ranger Suarez,"Suarez, Ranger",178,P,179.5,17277,,,,,,,141,62,9,129,0,133,50,TRUE
Matt Chapman,"Chapman, Matt",179,3B,181.5,16505,564,127,83,29,84,3,,,,,,,,TRUE
Ian Happ,"Happ, Ian",180,OF,181.83,17919,560,134,84,31,89,10,,,,,,,,TRUE
Jean Segura,"Segura, Jean",181,2B,184.17,5933,549,154,77,13,60,10,,,,,,,,TRUE
Trey Mancini,"Mancini, Trey",182,1B,185.5,15149,577,152,82,26,84,1,,,,,,,,TRUE
Michael Conforto,"Conforto, Michael",183,OF,186,16376,524,132,78,23,82,3,,,,,,,,TRUE
Jordan Montgomery,"Montgomery, Jordan",184,P,186.5,16511,,,,,,,158,70,9,162,0,150,47,TRUE
Adolis Garcia,"Garcia, Adolis",185,OF,187.5,19287,588,136,74,28,88,13,,,,,,,,TRUE
Patrick Sandoval,"Sandoval, Patrick",186,P,188.17,19447,,,,,,,126,56,8,135,0,114,52,TRUE
Marcus Stroman,"Stroman, Marcus",187,P,189.5,13431,,,,,,,184,82,12,152,0,187,53,TRUE
Clayton Kershaw,"Kershaw, Clayton",188,P,189.67,2036,,,,,,,148,58,11,158,0,133,33,TRUE
Eduardo Escobar,"Escobar, Eduardo",189,"2B, 3B",191,6153,541,132,70,26,82,1,,,,,,,,TRUE
Luis Severino,"Severino, Luis",190,P,192.33,15890,,,,,,,136,58,10,142,0,126,40,TRUE
Alex Kirilloff,"Kirilloff, Alex",191,"1B, OF",192.67,20325,439,118,54,17,62,4,,,,,,,,TRUE
Joey Gallo,"Gallo, Joey",192,OF,195,14128,520,107,95,43,104,6,,,,,,,,TRUE
Hyun Jin Ryu,"Ryu, Hyun Jin",193,P,195,14444,,,,,,,175,76,13,150,0,174,39,TRUE
Marcell Ozuna,"Ozuna, Marcell",194,OF,197.33,10324,575,151,82,29,100,4,,,,,,,,TRUE
Jorge Soler,"Soler, Jorge",195,OF,198.67,14221,545,129,83,35,96,1,,,,,,,,TRUE
Jeimer Candelario,"Candelario, Jeimer",196,3B,200,13621,555,141,75,19,71,1,,,,,,,,TRUE
Mitch Garver,"Garver, Mitch",197,C,200,15161,354,84,53,19,55,2,,,,,,,,TRUE
Lucas Sims,"Sims, Lucas",198,P,200.67,13470,,,,,,,65,27,4,93,26,50,30,TRUE
Tanner Houck,"Houck, Tanner",199,P,200.83,19879,,,,,,,102,49,6,110,0,95,39,TRUE
Jonathan Schoop,"Schoop, Jonathan",200,"1B, 2B",200.83,11265,565,149,76,22,75,2,,,,,,,,TRUE
Nelson Cruz,"Cruz, Nelson",201,UT,201,2434,509,133,76,31,89,2,,,,,,,,TRUE
Eugenio Suarez,"Suarez, Eugenio",202,"3B, SS",202,12552,495,114,71,31,89,1,,,,,,,,TRUE
Lance McCullers Jr.,"McCullers Jr., Lance",203,P,202.33,14120,,,,,,,146,59,10,161,0,125,62,TRUE
Yuli Gurriel,"Gurriel, Yuli",204,1B,202.83,19198,540,153,75,17,77,2,,,,,,,,TRUE
Josh Donaldson,"Donaldson, Josh",205,3B,206.17,5038,502,123,81,28,81,1,,,,,,,,TRUE
Oneil Cruz,"Cruz, Oneil",206,SS,206.5,21711,444,122,58,22,67,18,,,,,,,,TRUE
Dylan Floro,"Floro, Dylan",207,P,210.17,13394,,,,,,,67,27,5,60,19,63,24,TRUE
Seiya Suzuki,"Suzuki, Seiya",208,OF,211.33,,,,,,,,,,,,,,,TRUE
AJ Pollock,"Pollock, AJ",209,OF,212.33,9256,496,131,70,25,85,8,,,,,,,,TRUE
Joe Barlow,"Barlow, Joe",210,P,212.83,22296,,,,,,,66,34,3,72,24,58,36,TRUE
Josh Rojas,"Rojas, Josh",211,"2B, SS, OF",215.33,19734,495,122,68,13,51,14,,,,,,,,TRUE
Brandon Belt,"Belt, Brandon",212,1B,215.33,10264,473,116,75,25,70,4,,,,,,,,TRUE
Joe Ryan,"Ryan, Joe",213,P,217.17,21390,,,,,,,129,61,8,135,0,119,36,TRUE
Alex Wood,"Wood, Alex",214,P,217.67,13781,,,,,,,158,66,10,160,0,149,47,TRUE
Nathaniel Lowe,"Lowe, Nathaniel",215,1B,218.67,19566,545,142,80,23,79,6,,,,,,,,TRUE
Adam Wainwright,"Wainwright, Adam",216,P,218.83,2233,,,,,,,190,89,12,151,0,190,55,TRUE
Brandon Crawford,"Crawford, Brandon",217,SS,219,5343,524,133,69,19,74,8,,,,,,,,TRUE
Bobby Dalbec,"Dalbec, Bobby",218,1B,221.17,19966,444,103,60,26,72,3,,,,,,,,TRUE
Harrison Bader,"Bader, Harrison",219,OF,221.5,18030,532,131,76,21,71,14,,,,,,,,TRUE
Triston McKenzie,"McKenzie, Triston",220,P,222.67,18000,,,,,,,115,58,7,131,0,101,50,TRUE
Enrique Hernandez,"Hernandez, Enrique",221,"2B, OF",222.83,10472,567,144,88,25,76,3,,,,,,,,TRUE
Ramon Laureano,"Laureano, Ramon",222,OF,223.67,17128,485,122,71,22,68,15,,,,,,,,TRUE
Jose Urquidy,"Urquidy, Jose",223,P,224.17,18413,,,,,,,129,64,7,115,0,127,31,TRUE
Alex Cobb,"Cobb, Alex",224,P,224.33,6562,,,,,,,149,67,10,135,0,147,48,TRUE
Jesus Sanchez,"Sanchez, Jesus",225,OF,226.67,19913,488,122,63,24,72,2,,,,,,,,TRUE
Adley Rutschman,"Rutschman, Adley",226,C,227.33,sa3011643,354,93,53,15,50,2,,,,,,,,TRUE
Anthony DeSclafani,"DeSclafani, Anthony",227,P,227.67,13050,,,,,,,168,80,10,149,0,165,48,TRUE
Gavin Lux,"Lux, Gavin",228,"2B, SS",229.33,19955,448,113,65,15,63,6,,,,,,,,TRUE
Christian Vazquez,"Vazquez, Christian",229,C,229.67,9774,341,87,40,9,39,5,,,,,,,,TRUE
Tommy Pham,"Pham, Tommy",230,OF,229.83,2967,481,121,73,17,58,15,,,,,,,,TRUE
John Means,"Means, John",231,P,230.17,16269,,,,,,,165,79,11,150,0,159,38,TRUE
Jo Adell,"Adell, Jo",232,OF,232.33,20220,504,122,62,23,79,9,,,,,,,,TRUE
Austin Hays,"Hays, Austin",233,OF,232.67,19363,543,140,76,25,78,7,,,,,,,,TRUE
Garrett Whitlock,"Whitlock, Garrett",234,P,233.33,20191,,,,,,,68,29,5,69,20,64,22,TRUE
Mike Clevinger,"Clevinger, Mike",235,P,233.67,12808,,,,,,,141,56,10,155,0,120,47,TRUE
Lane Thomas,"Thomas, Lane",236,OF,237.17,16939,431,103,65,16,57,11,,,,,,,,TRUE
Charlie Blackmon,"Blackmon, Charlie",237,OF,238.17,7859,533,148,80,18,76,3,,,,,,,,TRUE
Steven Matz,"Matz, Steven",238,P,239,13361,,,,,,,156,72,10,140,0,153,49,TRUE
Jon Gray,"Gray, Jon",239,P,240,14916,,,,,,,169,79,11,172,0,161,62,TRUE
Andres Gimenez,"Gimenez, Andres",240,"2B, SS",240.5,19950,454,113,58,15,52,19,,,,,,,,TRUE
Lou Trivino,"Trivino, Lou",241,P,241.5,15043,,,,,,,65,30,5,63,24,59,30,TRUE
Frank Schwindel,"Schwindel, Frank",242,1B,241.5,15351,513,137,72,25,79,3,,,,,,,,TRUE
Travis d'Arnaud,"d'Arnaud, Travis",243,C,243.17,7739,514,127,63,20,74,1,,,,,,,,TRUE
Andrew Kittredge,"Kittredge, Andrew",244,P,244.5,12828,,,,,,,65,23,5,71,20,57,16,TRUE
Miguel Sano,"Sano, Miguel",245,1B,248.33,12164,562,128,88,38,99,2,,,,,,,,TRUE
Nicky Lopez,"Lopez, Nicky",246,SS,249,19339,544,147,70,5,48,16,,,,,,,,TRUE
Elias Diaz,"Diaz, Elias",247,C,249.17,11680,325,86,42,12,43,1,,,,,,,,TRUE
Abraham Toro,"Toro, Abraham",248,"2B, 3B",249.5,19844,410,102,56,14,52,6,,,,,,,,TRUE
Jonathan Villar,"Villar, Jonathan",249,"3B, SS",249.83,10071,420,104,56,13,45,18,,,,,,,,TRUE
Alejandro Kirk,"Kirk, Alejandro",250,C,250,22581,318,85,45,14,47,1,,,,,,,,TRUE
Michael Brantley,"Brantley, Michael",251,OF,251.5,4106,490,144,70,13,60,3,,,,,,,,TRUE
Adam Duvall,"Duvall, Adam",252,OF,251.83,10950,573,130,79,38,114,4,,,,,,,,TRUE
Bailey Ober,"Ober, Bailey",253,P,253.5,21224,,,,,,,132,64,7,130,0,131,33,TRUE
Huascar Ynoa,"Ynoa, Huascar",254,P,253.67,20468,,,,,,,107,50,6,112,0,101,39,TRUE
Sean Murphy,"Murphy, Sean",255,C,256.83,19352,402,91,54,18,58,1,,,,,,,,TRUE
Noah Syndergaard,"Syndergaard, Noah",256,P,258.33,11762,,,,,,,161,76,9,143,0,164,42,TRUE
Andrew Vaughn,"Vaughn, Andrew",257,OF,260.83,26197,440,110,60,19,58,2,,,,,,,,TRUE
German Marquez,"Marquez, German",258,P,263.5,15038,,,,,,,191,96,12,185,0,198,62,TRUE
Garrett Hampson,"Hampson, Garrett",259,"2B, OF",263.83,19262,426,105,58,11,42,19,,,,,,,,TRUE
Mark Canha,"Canha, Mark",260,OF,264.5,11445,486,114,77,19,64,8,,,,,,,,TRUE
Casey Mize,"Mize, Casey",261,P,265,20492,,,,,,,161,79,9,133,0,162,49,TRUE
Spencer Torkelson,"Torkelson, Spencer",262,1B,265.33,sa3014504,484,123,76,30,81,5,,,,,,,,TRUE
Andrew Heaney,"Heaney, Andrew",263,P,265.83,15423,,,,,,,116,56,8,126,0,110,33,TRUE
Anthony Santander,"Santander, Anthony",264,OF,266,14551,519,132,67,24,76,2,,,,,,,,TRUE
Drew Rasmussen,"Rasmussen, Drew",265,P,266.83,25385,,,,,,,114,50,6,123,0,101,46,TRUE
Omar Narvaez,"Narvaez, Omar",266,C,267,13338,363,91,45,12,45,0,,,,,,,,TRUE
Gio Urshela,"Urshela, Gio",267,"3B, SS",267.33,10681,553,149,69,20,76,2,,,,,,,,TRUE
Wil Myers,"Myers, Wil",268,OF,268.5,10047,560,134,72,23,78,11,,,,,,,,TRUE
Aaron Ashby,"Ashby, Aaron",269,P,268.67,23550,,,,,,,81,32,6,96,1,68,37,TRUE
Max Kepler,"Kepler, Max",270,OF,271.17,12144,487,115,76,24,71,8,,,,,,,,TRUE
Raimel Tapia,"Tapia, Raimel",271,OF,272,14350,532,149,75,9,53,19,,,,,,,,TRUE
Luke Voit,"Voit, Luke",272,1B,273,14811,506,127,78,29,86,1,,,,,,,,TRUE
Josiah Gray,"Gray, Josiah",273,P,275,24580,,,,,,,131,70,6,139,0,125,51,TRUE
Rowan Wick,"Wick, Rowan",274,P,275.33,14646,,,,,,,64,29,3,70,29,57,30,TRUE
Jake McGee,"McGee, Jake",275,P,276.33,7550,,,,,,,66,29,3,67,8,61,18,TRUE
Matt Barnes,"Barnes, Matt",276,P,276.83,12863,,,,,,,66,27,6,90,11,52,31,TRUE
Mike Yastrzemski,"Yastrzemski, Mike",277,OF,276.83,14854,507,122,72,23,71,4,,,,,,,,TRUE
Jesus Aguilar,"Aguilar, Jesus",278,1B,277.33,11342,457,118,60,22,79,0,,,,,,,,TRUE
Brandon Nimmo,"Nimmo, Brandon",279,OF,278,12927,480,124,79,16,52,8,,,,,,,,TRUE
Aaron Civale,"Civale, Aaron",280,P,280.33,19479,,,,,,,154,81,9,127,0,161,41,TRUE
Josh Jung,"Jung, Josh",281,3B,280.67,sa3011468,381,101,49,16,48,4,,,,,,,,TRUE
Cavan Biggio,"Biggio, Cavan",282,3B,282.33,19252,449,102,68,17,57,8,,,,,,,,TRUE
Gary Sanchez,"Sanchez, Gary",283,C,282.33,11442,347,72,50,21,58,0,,,,,,,,TRUE
Alec Bohm,"Bohm, Alec",284,3B,283.5,21618,499,131,62,16,64,6,,,,,,,,TRUE
Cal Quantrill,"Quantrill, Cal",285,P,284.17,19312,,,,,,,165,83,10,138,0,169,52,TRUE
Tylor Megill,"Megill, Tylor",286,P,285,21318,,,,,,,110,52,6,116,0,103,38,TRUE
J.P. Crawford,"Crawford, J.P.",287,SS,287.33,15491,591,153,80,12,58,7,,,,,,,,TRUE
Julio Rodriguez,"Rodriguez, Julio",288,OF,287.5,sa3005720,248,69,35,10,34,8,,,,,,,,TRUE
Max Stassi,"Stassi, Max",289,C,288.5,10059,369,82,48,15,48,1,,,,,,,,TRUE
Riley Greene,"Greene, Riley",290,OF,289.33,sa3010694,201,53,29,8,28,4,,,,,,,,TRUE
Mike Zunino,"Zunino, Mike",291,C,289.5,13265,305,61,43,20,50,1,,,,,,,,TRUE
Rowdy Tellez,"Tellez, Rowdy",292,1B,292.33,15679,433,112,61,23,68,1,,,,,,,,TRUE
Paul Sewald,"Sewald, Paul",293,P,293.17,13892,,,,,,,67,28,5,87,6,54,24,TRUE
Carson Kelly,"Kelly, Carson",294,C,294.33,13620,356,85,47,15,51,1,,,,,,,,TRUE
Ken Giles,"Giles, Ken",295,P,295,12910,,,,,,,54,22,3,65,8,46,18,TRUE
Danny Jansen,"Jansen, Danny",296,C,295.17,16535,349,82,52,18,54,1,,,,,,,,TRUE
Kyle Hendricks,"Hendricks, Kyle",297,P,295.5,12049,,,,,,,179,92,10,131,0,195,41,TRUE
Nick Madrigal,"Madrigal, Nick",298,2B,296.83,20521,515,153,63,6,51,13,,,,,,,,TRUE
Luis Arraez,"Arraez, Luis",299,"2B, 3B, OF",297.83,18568,559,168,77,5,52,4,,,,,,,,TRUE
Jameson Taillon,"Taillon, Jameson",300,P,300.5,11674,,,,,,,146,72,9,139,0,142,42,TRUE
Carlos Carrasco,"Carrasco, Carlos",301,P,301.67,6632,,,,,,,142,64,10,147,0,135,43,TRUE
Jesus Luzardo,"Luzardo, Jesus",302,P,301.83,19959,,,,,,,83,40,5,83,0,80,34,TRUE
Yadier Molina,"Molina, Yadier",303,C,303.33,7007,413,103,42,10,52,3,,,,,,,,TRUE
Jeff McNeil,"McNeil, Jeff",304,"2B, OF",304.5,15362,516,145,69,14,63,5,,,,,,,,TRUE
Yoshi Tsutsugo,"Tsutsugo, Yoshi",305,"1B, OF",304.83,27459,458,105,64,20,62,1,,,,,,,,TRUE
Cristian Javier,"Javier, Cristian",306,P,307.5,17606,,,,,,,79,37,3,100,0,64,38,TRUE
Devin Williams,"Williams, Devin",307,P,307.5,15816,,,,,,,65,22,6,96,2,46,31,TRUE
Connor Joe,"Joe, Connor",308,OF,309,16572,326,85,47,13,47,1,,,,,,,,TRUE
Rafael Ortega,"Ortega, Rafael",309,OF,309,10323,445,111,61,14,50,14,,,,,,,,TRUE
Eric Lauer,"Lauer, Eric",310,P,310.17,19316,,,,,,,95,48,5,92,0,92,36,TRUE
Luis Patino,"Patino, Luis",311,P,310.5,22815,,,,,,,98,47,6,103,0,89,40,TRUE
Tyler Naquin,"Naquin, Tyler",312,OF,311.83,13359,481,125,60,19,71,5,,,,,,,,TRUE
Stephen Strasburg,"Strasburg, Stephen",313,P,312.33,10131,,,,,,,151,69,10,156,0,141,51,TRUE
Cesar Hernandez,"Hernandez, Cesar",314,2B,313.83,10556,486,123,68,14,56,3,,,,,,,,TRUE
Miguel Rojas,"Rojas, Miguel",315,SS,314,7802,511,136,63,9,50,12,,,,,,,,TRUE
Ian Kennedy,"Kennedy, Ian",316,P,315,6986,,,,,,,62,31,3,68,0,58,21,TRUE
LaMonte Wade Jr.,"Wade Jr., LaMonte",317,"1B, OF",316.17,18126,500,121,71,20,68,8,,,,,,,,TRUE
Kyle Lewis,"Lewis, Kyle",318,OF,316.33,19508,482,115,60,18,61,5,,,,,,,,TRUE
David Fletcher,"Fletcher, David",319,"2B, SS",317.83,17992,602,166,76,6,50,12,,,,,,,,TRUE
Joey Bart,"Bart, Joey",320,C,318.33,21524,348,82,42,10,39,2,,,,,,,,TRUE
Manuel Margot,"Margot, Manuel",321,OF,318.5,14712,450,114,59,12,56,16,,,,,,,,TRUE
Brandon Marsh,"Marsh, Brandon",322,OF,319.67,20202,464,114,53,10,44,10,,,,,,,,TRUE
Trevor Bauer,"Bauer, Trevor",323,P,321.17,12703,,,,,,,128,53,9,153,0,106,43,TRUE
Michael Fulmer,"Fulmer, Michael",324,P,322.83,13218,,,,,,,65,29,4,63,7,63,21,TRUE
Yusei Kikuchi,"Kikuchi, Yusei",325,P,324.33,20633,,,,,,,149,70,9,143,0,145,52,TRUE
James McCann,"McCann, James",326,C,325.33,12859,367,85,39,11,45,3,,,,,,,,TRUE
Eric Hosmer,"Hosmer, Eric",327,1B,325.5,3516,507,133,61,16,71,5,,,,,,,,TRUE
Marco Gonzales,"Gonzales, Marco",328,P,326,15467,,,,,,,181,90,10,141,0,183,49,TRUE
Tony Gonsolin,"Gonsolin, Tony",329,P,329.33,19388,,,,,,,124,65,7,127,0,117,54,TRUE
Adam Frazier,"Frazier, Adam",330,2B,329.83,15223,518,138,68,9,46,7,,,,,,,,TRUE
Elieser Hernandez,"Hernandez, Elieser",331,P,330.17,16933,,,,,,,122,62,6,122,0,117,37,TRUE
Eric Haase,"Haase, Eric",332,"C, OF",330.33,14111,262,57,33,12,39,1,,,,,,,,TRUE
Nick Pivetta,"Pivetta, Nick",333,P,332.83,15454,,,,,,,141,74,8,146,0,135,57,TRUE
Patrick Wisdom,"Wisdom, Patrick",334,3B,333.67,13602,520,113,74,35,88,7,,,,,,,,TRUE
Hunter Dozier,"Dozier, Hunter",335,"3B, OF",333.83,15117,451,106,56,17,57,5,,,,,,,,TRUE
Vidal Brujan,"Brujan, Vidal",336,OF,334.83,20536,153,36,20,3,17,12,,,,,,,,TRUE
Zach Plesac,"Plesac, Zach",337,P,335.5,19979,,,,,,,164,85,9,130,0,171,44,TRUE
Adbert Alzolay,"Alzolay, Adbert",338,P,336.33,17859,,,,,,,95,48,6,97,0,91,34,TRUE
Andrew McCutchen,"McCutchen, Andrew",339,OF,339.17,9847,489,114,75,23,72,7,,,,,,,,TRUE
Jose Barrero,"Barrero, Jose",340,SS,342.83,23378,146,37,19,5,20,4,,,,,,,,TRUE
Ha-Seong Kim,"Kim, Ha-Seong",341,"2B, 3B, SS",343.67,27506,344,83,46,12,48,9,,,,,,,,TRUE
Joey Wendle,"Wendle, Joey",342,"3B, SS",344.67,13853,397,104,50,8,42,8,,,,,,,,TRUE
Randal Grichuk,"Grichuk, Randal",343,OF,345.17,10243,474,117,63,24,75,2,,,,,,,,TRUE
Mike Moustakas,"Moustakas, Mike",344,3B,348,4892,438,107,57,22,71,2,,,,,,,,TRUE
Tanner Rainey,"Rainey, Tanner",345,P,350.17,17610,,,,,,,65,33,4,89,7,52,43,TRUE
Lorenzo Cain,"Cain, Lorenzo",346,OF,351,9077,475,126,62,12,50,16,,,,,,,,TRUE
James Kaprielian,"Kaprielian, James",347,P,353,18331,,,,,,,105,53,6,104,0,100,38,TRUE
Pavin Smith,"Smith, Pavin",348,"1B, OF",353.33,19892,435,115,56,11,48,2,,,,,,,,TRUE
Evan Longoria,"Longoria, Evan",349,3B,354.33,9368,466,114,61,18,67,3,,,,,,,,TRUE
Yan Gomes,"Gomes, Yan",350,C,354.83,9627,260,64,32,10,36,1,,,,,,,,TRUE
Corey Kluber,"Kluber, Corey",351,P,355.17,2429,,,,,,,142,64,9,137,0,134,46,TRUE
Dominic Smith,"Smith, Dominic",352,OF,355.33,15653,374,95,46,13,54,2,,,,,,,,TRUE
Nestor Cortes,"Cortes, Nestor",353,P,356.33,17874,,,,,,,110,55,5,116,0,105,36,TRUE
Jacob Stallings,"Stallings, Jacob",354,C,357.67,13723,381,94,42,8,44,1,,,,,,,,TRUE
Nick Solak,"Solak, Nick",355,2B,357.83,19294,390,101,51,11,48,6,,,,,,,,TRUE
Yandy Diaz,"Diaz, Yandy",356,"1B, 3B",359,16578,482,130,68,13,62,2,,,,,,,,TRUE
Austin Nola,"Nola, Austin",357,C,362.17,15941,315,82,39,8,40,1,,,,,,,,TRUE
Zack Greinke,"Greinke, Zack",358,P,362.83,1943,,,,,,,159,76,9,126,0,163,36,TRUE
Taijuan Walker,"Walker, Taijuan",359,P,363,11836,,,,,,,160,80,9,149,0,155,57,TRUE
Tony Kemp,"Kemp, Tony",360,"2B, OF",363.67,14894,478,124,67,10,52,11,,,,,,,,TRUE
Josh Lowe,"Lowe, Josh",361,OF,367,19953,62,15,9,2,8,2,,,,,,,,TRUE
Jarren Duran,"Duran, Jarren",362,OF,367,24617,455,115,58,13,49,19,,,,,,,,TRUE
Tyler Wells,"Wells, Tyler",363,P,367.33,20000,,,,,,,64,32,3,72,21,58,20,TRUE
Chris Flexen,"Flexen, Chris",364,P,368,13896,,,,,,,144,70,8,116,0,148,40,TRUE
Brian Anderson,"Anderson, Brian",365,3B,369.17,18289,455,112,56,16,59,5,,,,,,,,TRUE
Chris Paddack,"Paddack, Chris",366,P,370.83,20099,,,,,,,61,28,4,60,0,58,14,TRUE
Wilmer Flores,"Flores, Wilmer",367,"1B, 2B, 3B",373.67,5827,380,102,51,15,53,1,,,,,,,,TRUE
Willie Calhoun,"Calhoun, Willie",368,OF,374.5,17838,483,126,64,20,63,2,,,,,,,,TRUE
Isiah Kiner-Falefa,"Kiner-Falefa, Isiah",369,SS,374.5,16512,305,83,37,5,26,9,,,,,,,,TRUE
Brady Singer,"Singer, Brady",370,P,375.17,25377,,,,,,,141,66,9,130,0,142,53,TRUE
Alex Reyes,"Reyes, Alex",371,P,375.33,15015,,,,,,,68,30,6,87,9,52,40,TRUE
Luis Torrens,"Torrens, Luis",372,C,376.5,15905,219,52,25,8,29,0,,,,,,,,TRUE
Victor Robles,"Robles, Victor",373,OF,378.33,18363,442,105,58,10,46,16,,,,,,,,TRUE
Michael A. Taylor,"Taylor, Michael A.",374,OF,378.33,11489,493,116,57,14,54,14,,,,,,,,TRUE
Dane Dunning,"Dunning, Dane",375,P,378.33,19409,,,,,,,141,67,9,128,0,142,50,TRUE
Chas McCormick,"McCormick, Chas",376,OF,379,19599,267,64,35,10,36,5,,,,,,,,TRUE
Josh Harrison,"Harrison, Josh",377,"2B, 3B, OF",380.83,8202,465,121,54,8,51,8,,,,,,,,TRUE
Jorge Alcala,"Alcala, Jorge",378,P,381.17,19459,,,,,,,62,29,4,66,4,58,23,TRUE
Kyle Gibson,"Gibson, Kyle",379,P,381.33,10123,,,,,,,188,96,11,162,0,190,72,TRUE
Jose Miranda,"Miranda, Jose",380,3B,382.5,sa917952,407,113,56,15,57,2,,,,,,,,TRUE
Diego Castillo,"Castillo, Diego",381,P,383.33,17496,,,,,,,65,29,4,69,4,57,29,TRUE
Sixto Sanchez,"Sanchez, Sixto",382,P,383.5,19680,,,,,,,91,38,6,78,0,88,25,TRUE
Nico Hoerner,"Hoerner, Nico",383,2B,384.83,21479,509,141,61,7,56,12,,,,,,,,TRUE
Carlos Hernandez,"Hernandez, Carlos",384,P,385.33,22713,,,,,,,116,62,6,103,0,115,52,TRUE
Tyrone Taylor,"Taylor, Tyrone",385,OF,385.33,13675,430,104,57,18,63,8,,,,,,,,TRUE
Jorge Alfaro,"Alfaro, Jorge",386,"C, OF",385.33,12180,411,99,42,12,50,8,,,,,,,,TRUE
Pierce Johnson,"Johnson, Pierce",387,P,388.67,13435,,,,,,,64,27,4,77,15,53,28,TRUE
Jonathan Loaisiga,"Loaisiga, Jonathan",388,P,388.83,19753,,,,,,,66,25,5,73,2,57,21,TRUE
Jorge Mateo,"Mateo, Jorge",389,OF,389.33,17273,341,81,38,8,34,13,,,,,,,,TRUE
Kyle Finnegan,"Finnegan, Kyle",390,P,389.33,15009,,,,,,,66,31,5,69,28,62,30,TRUE
Chad Green,"Green, Chad",391,P,390.5,15552,,,,,,,63,25,6,79,1,52,18,TRUE
Drew Steckenrider,"Steckenrider, Drew",392,P,390.67,18806,,,,,,,66,32,3,62,15,62,22,TRUE
Anthony Bender,"Bender, Anthony",393,P,391,19742,,,,,,,63,26,3,68,10,55,26,TRUE
Clint Frazier,"Frazier, Clint",394,OF,392.83,15983,349,82,46,14,46,4,,,,,,,,TRUE
Sam Hilliard,"Hilliard, Sam",395,OF,393.67,17954,397,91,55,20,57,10,,,,,,,,TRUE
Tucker Barnhart,"Barnhart, Tucker",396,C,394.17,10200,330,75,34,7,34,1,,,,,,,,TRUE
Christian Walker,"Walker, Christian",397,1B,394.17,13419,445,110,61,17,61,2,,,,,,,,TRUE
Ramon Urias,"Urias, Ramon",398,"2B, SS",396.33,18795,450,113,55,14,55,3,,,,,,,,TRUE
Paul DeJong,"DeJong, Paul",399,SS,397.5,18015,433,99,59,20,62,5,,,,,,,,TRUE
Nick Senzel,"Senzel, Nick",400,OF,399.17,19293,202,52,28,6,23,6,,,,,,,,TRUE
Edmundo Sosa,"Sosa, Edmundo",401,"2B, SS",399.17,17022,389,99,47,9,42,5,,,,,,,,TRUE
MJ Melendez,"Melendez, MJ",402,C,401.83,sa3004139,106,27,15,6,16,1,,,,,,,,TRUE
Reid Detmers,"Detmers, Reid",403,P,402,27468,,,,,,,79,38,5,86,0,74,31,TRUE
Dakota Hudson,"Hudson, Dakota",404,P,403.33,19206,,,,,,,111,54,7,80,0,111,47,TRUE
Bryan De La Cruz,"De La Cruz, Bryan",405,OF,405,19600,479,128,57,13,54,4,,,,,,,,TRUE
Domingo German,"German, Domingo",406,P,405.17,17149,,,,,,,90,43,6,96,0,84,27,TRUE
Michael Pineda,"Pineda, Michael",407,P,407.17,5372,,,,,,,159,81,10,129,0,170,36,TRUE
Bobby Bradley,"Bradley, Bobby",408,1B,408.17,17278,463,99,61,28,73,1,,,,,,,,TRUE
Carlos Estevez,"Estevez, Carlos",409,P,410.33,14542,,,,,,,63,35,3,63,19,67,23,TRUE
Francisco Mejia,"Mejia, Francisco",410,C,410.5,16403,239,60,29,7,30,1,,,,,,,,TRUE
Keston Hiura,"Hiura, Keston",411,1B,411.17,20003,274,63,36,12,37,4,,,,,,,,TRUE
Patrick Corbin,"Corbin, Patrick",412,P,413.33,9323,,,,,,,172,83,11,161,0,175,55,TRUE
Hunter Greene,"Greene, Hunter",413,P,413.5,sa3005315,,,,,,,103,53,8,106,0,100,40,TRUE
J.D. Davis,"Davis, J.D.",414,3B,413.5,16219,276,70,36,10,36,2,,,,,,,,TRUE
Didi Gregorius,"Gregorius, Didi",415,SS,413.67,6012,561,138,72,23,86,4,,,,,,,,TRUE
Luke Weaver,"Weaver, Luke",416,P,418.33,16918,,,,,,,133,70,8,128,0,135,43,TRUE
Jeremy Pena,"Pena, Jeremy",417,SS,418.83,sa876320,463,116,51,18,54,10,,,,,,,,TRUE
Dylan Bundy,"Bundy, Dylan",418,P,420,12917,,,,,,,157,83,10,149,0,158,54,TRUE
Tyler Wade,"Wade, Tyler",419,"3B, SS, OF",420.83,15730,287,66,38,4,25,18,,,,,,,,TRUE
Jonah Heim,"Heim, Jonah",420,C,420.83,16930,287,70,32,8,33,2,,,,,,,,TRUE
Darin Ruf,"Ruf, Darin",421,"1B, OF",421.83,9929,330,80,44,15,47,2,,,,,,,,TRUE
Rougned Odor,"Odor, Rougned",422,"2B, 3B",422.5,12282,363,77,49,19,54,3,,,,,,,,TRUE
Roansy Contreras,"Contreras, Roansy",423,P,422.83,22810,,,,,,,57,27,3,53,0,56,20,TRUE
Adrian Houser,"Houser, Adrian",424,P,424.17,12718,,,,,,,130,66,8,99,0,133,54,TRUE
Dinelson Lamet,"Lamet, Dinelson",425,P,426,17186,,,,,,,52,21,3,65,8,43,20,TRUE
Carlos Santana,"Santana, Carlos",426,1B,426.33,2396,363,85,50,14,48,1,,,,,,,,TRUE
Bryson Stott,"Stott, Bryson",427,SS,426.33,sa3011443,288,72,36,9,33,5,,,,,,,,TRUE
Joc Pederson,"Pederson, Joc",428,OF,428,11899,470,112,70,25,75,3,,,,,,,,TRUE
Garrett Cooper,"Cooper, Garrett",429,OF,428.17,15279,438,115,59,17,61,2,,,,,,,,TRUE
David Peralta,"Peralta, David",430,OF,431,2136,470,127,56,13,63,2,,,,,,,,TRUE
Josh Staumont,"Staumont, Josh",431,P,432.67,18335,,,,,,,64,29,4,74,5,54,34,TRUE
Seth Brown,"Brown, Seth",432,OF,432.67,18171,499,114,65,24,75,6,,,,,,,,TRUE
Mike Minor,"Minor, Mike",433,P,433.5,10021,,,,,,,170,84,10,153,0,168,49,TRUE
Robert Suarez,"Suarez, Robert",434,P,433.5,sa869798,,,,,,,58,22,2,61,0,51,18,TRUE
Dylan Moore,"Moore, Dylan",435,"2B, OF",433.83,18042,326,68,41,11,40,18,,,,,,,,TRUE
James Karinchak,"Karinchak, James",436,P,435.5,20151,,,,,,,66,24,6,98,2,47,33,TRUE
Luis Garcia,"Garcia, Luis",437,2B,436.5,20391,393,106,49,13,51,3,,,,,,,,TRUE
Wade Miley,"Miley, Wade",438,P,436.5,8779,,,,,,,163,79,10,120,0,172,56,TRUE
Ryan Jeffers,"Jeffers, Ryan",439,C,437,24618,166,36,20,7,22,0,,,,,,,,TRUE
Michael Wacha,"Wacha, Michael",440,P,438.5,14078,,,,,,,109,60,6,97,0,118,33,TRUE
Bradley Zimmer,"Zimmer, Bradley",441,OF,439.67,16221,298,66,41,8,33,12,,,,,,,,TRUE
Carter Kieboom,"Kieboom, Carter",442,3B,440.17,19958,474,115,66,16,61,2,,,,,,,,TRUE
Alex Colome,"Colome, Alex",443,P,441.33,6661,,,,,,,68,31,4,61,0,66,25,TRUE
Miles Mikolas,"Mikolas, Miles",444,P,442,9803,,,,,,,141,67,9,100,0,148,31,TRUE
Kole Calhoun,"Calhoun, Kole",445,OF,442.83,11200,401,92,57,19,54,3,,,,,,,,TRUE
Gavin Sheets,"Sheets, Gavin",446,UT,443,19901,431,110,59,22,71,2,,,,,,,,TRUE
Rich Hill,"Hill, Rich",447,P,445.67,4806,,,,,,,100,56,5,87,0,103,36,TRUE
Nick Gordon,"Gordon, Nick",448,OF,450.67,16337,181,46,21,4,20,8,,,,,,,,TRUE
Leury Garcia,"Garcia, Leury",449,"2B, OF",452,5913,440,114,55,8,46,7,,,,,,,,TRUE
Kyle Isbel,"Isbel, Kyle",450,OF,452.83,21614,393,99,53,11,45,13,,,,,,,,TRUE
JT Brubaker,"Brubaker, JT",451,P,454.17,17578,,,,,,,133,66,8,125,0,132,45,TRUE
Zach Eflin,"Eflin, Zach",452,P,456.67,13774,,,,,,,129,62,8,113,0,133,32,TRUE
Madison Bumgarner,"Bumgarner, Madison",453,P,458,5524,,,,,,,177,99,9,145,0,187,49,TRUE
Art Warren,"Warren, Art",454,P,458,18251,,,,,,,54,22,4,70,0,43,23,TRUE
Merrill Kelly,"Kelly, Merrill",455,P,458.33,11156,,,,,,,171,92,10,137,0,184,52,TRUE
Miguel Cabrera,"Cabrera, Miguel",456,1B,459.67,1744,474,119,52,16,67,0,,,,,,,,TRUE
Pedro Severino,"Severino, Pedro",457,C,459.83,14523,224,52,24,7,28,1,,,,,,,,TRUE
Aaron Hicks,"Hicks, Aaron",458,OF,459.83,5297,459,105,72,19,67,6,,,,,,,,TRUE
Kris Bubic,"Bubic, Kris",459,P,461.33,21455,,,,,,,108,55,6,95,0,106,47,TRUE
Jurickson Profar,"Profar, Jurickson",460,"1B, OF",461.5,10815,434,105,59,12,52,11,,,,,,,,TRUE
Nick Martinez,"Martinez, Nick",461,P,465.33,12730,,,,,,,136,57,9,134,0,123,46,TRUE
Nate Pearson,"Pearson, Nate",462,P,467.33,20160,,,,,,,76,38,5,85,0,69,35,TRUE
Nolan Gorman,"Gorman, Nolan",463,2B,467.33,sa3007017,117,30,14,5,15,1,,,,,,,,TRUE
Chris Stratton,"Stratton, Chris",464,P,467.83,13761,,,,,,,68,34,4,67,8,66,27,TRUE
Edward Cabrera,"Cabrera, Edward",465,P,467.83,21690,,,,,,,40,18,2,44,0,35,19,TRUE
Jake Odorizzi,"Odorizzi, Jake",466,P,467.83,6397,,,,,,,72,34,5,71,0,68,22,TRUE
Anthony Alford,"Alford, Anthony",467,OF,468.83,14329,382,87,49,12,48,15,,,,,,,,TRUE
Kyle Farmer,"Farmer, Kyle",468,SS,469.5,14813,493,125,57,14,61,4,,,,,,,,TRUE
Gabriel Moreno,"Moreno, Gabriel",469,C,470.17,,,,,,,,,,,,,,,TRUE
Grayson Rodriguez,"Rodriguez, Grayson",470,P,471.17,sa3008130,,,,,,,63,32,4,63,0,60,24,TRUE
Santiago Espinal,"Espinal, Santiago",471,3B,471.17,19997,485,126,58,7,47,9,,,,,,,,TRUE
Cole Sulser,"Sulser, Cole",472,P,471.5,15256,,,,,,,66,30,4,73,6,58,26,TRUE
Nick Pratto,"Pratto, Nick",473,1B,472.17,sa3004138,203,50,29,11,30,4,,,,,,,,TRUE
Trevor Rosenthal,"Rosenthal, Trevor",474,P,472.5,10745,,,,,,,59,25,3,77,0,47,35,TRUE
Juan Yepez,"Yepez, Juan",475,1B,474.33,sa877505,281,71,40,14,44,2,,,,,,,,TRUE
Triston Casas,"Casas, Triston",476,1B,479.17,sa3007634,241,61,36,10,33,3,,,,,,,,TRUE
Leody Taveras,"Taveras, Leody",477,OF,480.17,18900,176,40,23,5,19,7,,,,,,,,TRUE
Tommy La Stella,"La Stella, Tommy",478,2B,480.67,12371,460,124,64,12,52,2,,,,,,,,TRUE
Zach Thompson,"Thompson, Zach",479,P,481.67,16094,,,,,,,119,61,7,101,0,121,43,TRUE
Jose Siri,"Siri, Jose",480,OF,482.33,17452,213,49,27,7,28,9,,,,,,,,TRUE
Willi Castro,"Castro, Willi",481,"2B, SS",483.67,17338,64,16,8,2,7,1,,,,,,,,TRUE
Ryan Yarbrough,"Yarbrough, Ryan",482,P,484.33,16502,,,,,,,119,59,7,86,0,124,28,TRUE
Codi Heuer,"Heuer, Codi",483,P,485,23293,,,,,,,68,31,5,62,4,66,24,TRUE
Robinson Cano,"Cano, Robinson",484,2B,485,3269,445,115,51,13,55,1,,,,,,,,TRUE
Nick Ahmed,"Ahmed, Nick",485,SS,485.5,12147,457,110,55,10,52,7,,,,,,,,TRUE
Brad Boxberger,"Boxberger, Brad",486,P,488,10133,,,,,,,65,32,4,77,0,56,32,TRUE
Max Meyer,"Meyer, Max",487,P,488.17,sa3014430,,,,,,,25,12,1,22,0,25,11,TRUE
Reiver Sanmartin,"Sanmartin, Reiver",488,P,489.17,19754,,,,,,,72,36,5,63,0,75,23,TRUE
Pete Fairbanks,"Fairbanks, Pete",489,P,490.17,17998,,,,,,,64,24,6,82,9,52,26,TRUE
Luis Gil,"Gil, Luis",490,P,493.5,21052,,,,,,,63,32,3,73,0,55,34,TRUE
Roberto Perez,"Perez, Roberto",491,C,494.5,2900,381,78,41,14,46,2,,,,,,,,TRUE
Tom Murphy,"Murphy, Tom",492,C,496.67,13499,227,49,27,10,30,1,,,,,,,,TRUE
Steven Kwan,"Kwan, Steven",493,OF,497,sa3008536,337,96,45,9,39,5,,,,,,,,TRUE
Jose Suarez,"Suarez, Jose",494,P,498.17,19911,,,,,,,114,58,8,103,0,113,44,TRUE
Mitch Keller,"Keller, Mitch",495,P,500.33,17594,,,,,,,108,57,6,98,0,113,47,TRUE
Tyler Beede,"Beede, Tyler",496,P,500.83,16981,,,,,,,60,35,3,55,0,61,34,TRUE
Brad Hand,"Hand, Brad",497,P,501,9111,,,,,,,67,30,5,73,0,60,26,TRUE
Matt Manning,"Manning, Matt",498,P,502.83,20369,,,,,,,131,69,7,100,0,139,46,TRUE
Elvis Andrus,"Andrus, Elvis",499,SS,504.5,8709,450,113,53,7,42,11,,,,,,,,TRUE
Jake Meyers,"Meyers, Jake",500,OF,506,20308,418,103,54,15,56,9,,,,,,,,TRUE
Michael Chavis,"Chavis, Michael",501,2B,506.5,17321,424,103,54,19,59,4,,,,,,,,TRUE
Trevor Larnach,"Larnach, Trevor",502,OF,506.67,21501,347,79,41,12,41,2,,,,,,,,TRUE
Hector Neris,"Neris, Hector",503,P,507.67,11804,,,,,,,72,31,5,90,3,59,30,TRUE
Edwin Rios,"Rios, Edwin",504,1B,509.33,18316,69,15,9,4,11,0,,,,,,,,TRUE
Matt Vierling,"Vierling, Matt",505,OF,509.67,21558,475,119,59,15,56,10,,,,,,,,TRUE
Aledmys Diaz,"Diaz, Aledmys",506,3B,512.17,15937,292,74,35,9,41,1,,,,,,,,TRUE
Chad Pinder,"Pinder, Chad",507,OF,515,15191,477,117,63,18,64,2,,,,,,,,TRUE
Cole Irvin,"Irvin, Cole",508,P,515.17,19244,,,,,,,141,73,8,100,0,151,36,TRUE
Andy Ibanez,"Ibanez, Andy",509,2B,519,18819,308,82,40,10,37,2,,,,,,,,TRUE
Tyler Anderson,"Anderson, Tyler",510,P,519.5,12880,,,,,,,182,97,9,152,0,188,51,TRUE
Jordan Hicks,"Hicks, Jordan",511,P,519.83,19618,,,,,,,57,24,2,63,3,47,32,TRUE
Harold Ramirez,"Ramirez, Harold",512,OF,520.5,14387,203,56,24,6,26,2,,,,,,,,TRUE
Nick Lodolo,"Lodolo, Nick",513,P,520.5,sa917947,,,,,,,32,15,2,33,0,30,10,TRUE
Michael Lorenzen,"Lorenzen, Michael",514,P,521.17,14843,,,,,,,98,48,4,87,0,96,41,TRUE
Brad Miller,"Miller, Brad",515,"1B, OF",522,12775,349,81,50,18,54,3,,,,,,,,TRUE
Spencer Howard,"Howard, Spencer",516,P,522.5,23252,,,,,,,101,53,6,99,0,99,41,TRUE
Ji-Man Choi,"Choi, Ji-Man",517,1B,524.17,5452,396,92,54,16,57,1,,,,,,,,TRUE
Jace Peterson,"Peterson, Jace",518,"1B, 2B, OF",524.17,12325,170,41,22,5,21,5,,,,,,,,TRUE
Manny Pina,"Pina, Manny",519,C,524.33,2829,269,61,33,12,41,1,,,,,,,,TRUE
David Peterson,"Peterson, David",520,P,525.33,20302,,,,,,,65,30,4,60,0,62,27,TRUE
A.J. Puk,"Puk, A.J.",521,P,526.33,19343,,,,,,,73,32,5,74,5,68,30,TRUE
Daniel Lynch,"Lynch, Daniel",522,P,527.5,21537,,,,,,,66,36,4,53,0,70,26,TRUE
Lewin Diaz,"Diaz, Lewin",523,1B,528.67,18365,317,76,39,16,44,1,,,,,,,,TRUE
Ross Stripling,"Stripling, Ross",524,P,530,13273,,,,,,,80,42,5,73,0,82,24,TRUE
Austin Gomber,"Gomber, Austin",525,P,531.83,16561,,,,,,,137,78,9,131,0,146,53,TRUE
Austin Slater,"Slater, Austin",526,OF,535.33,16153,282,70,39,9,34,11,,,,,,,,TRUE
Collin McHugh,"McHugh, Collin",527,P,536.67,7531,,,,,,,63,26,4,70,0,55,20,TRUE
Niko Goodrum,"Goodrum, Niko",528,SS,538,12092,219,48,27,6,24,8,,,,,,,,TRUE
Martin Maldonado,"Maldonado, Martin",529,C,538,6887,400,78,47,13,46,1,,,,,,,,TRUE
Daniel Hudson,"Hudson, Daniel",530,P,538.5,7146,,,,,,,61,27,4,73,4,52,23,TRUE
Garrett Crochet,"Crochet, Garrett",531,P,539.83,27463,,,,,,,69,27,5,86,0,55,31,TRUE
Erick Fedde,"Fedde, Erick",532,P,540,17425,,,,,,,106,58,6,87,0,113,40,TRUE
Kyle Muller,"Muller, Kyle",533,P,541.5,20167,,,,,,,40,21,3,41,0,38,22,TRUE
Kendall Graveman,"Graveman, Kendall",534,P,541.83,15514,,,,,,,62,26,4,65,1,55,24,TRUE
Richard Rodriguez,"Rodriguez, Richard",535,P,542.67,13549,,,,,,,65,33,4,60,0,64,18,TRUE
Alek Thomas,"Thomas, Alek",536,OF,542.67,sa3006892,152,40,20,4,18,4,,,,,,,,TRUE
Edward Olivares,"Olivares, Edward",537,OF,543,19698,115,30,14,4,14,3,,,,,,,,TRUE
Jose Quintana,"Quintana, Jose",538,P,543.5,11423,,,,,,,133,66,7,125,0,134,51,TRUE
Taylor Walls,"Walls, Taylor",539,SS,543.67,22458,392,87,49,8,42,15,,,,,,,,TRUE
Tyler Rogers,"Rogers, Tyler",540,P,543.83,15541,,,,,,,70,32,4,48,5,73,20,TRUE
Kevin Kiermaier,"Kiermaier, Kevin",541,OF,544,11038,468,109,59,10,52,13,,,,,,,,TRUE
Kyle Freeland,"Freeland, Kyle",542,P,544.83,16256,,,,,,,158,91,9,124,0,180,56,TRUE
Tucker Davidson,"Davidson, Tucker",543,P,546.33,19871,,,,,,,67,33,4,64,0,65,32,TRUE
Mike Soroka,"Soroka, Mike",544,P,549.33,18383,,,,,,,100,48,7,79,0,105,29,TRUE
Cal Raleigh,"Raleigh, Cal",545,C,550.33,21534,248,56,29,10,33,2,,,,,,,,TRUE
Trevor May,"May, Trevor",546,P,550.83,6398,,,,,,,63,25,4,81,2,51,24,TRUE
Vladimir Gutierrez,"Gutierrez, Vladimir",547,P,551.67,19278,,,,,,,128,82,7,108,0,141,51,TRUE
Victor Caratini,"Caratini, Victor",548,C,552.33,14968,209,51,25,6,26,1,,,,,,,,TRUE
Yadiel Hernandez,"Hernandez, Yadiel",549,OF,552.5,19334,387,102,51,16,56,3,,,,,,,,TRUE
Alcides Escobar,"Escobar, Alcides",550,SS,552.83,6310,471,116,55,8,47,4,,,,,,,,TRUE
Drew Smyly,"Smyly, Drew",551,P,552.83,11760,,,,,,,106,57,6,100,0,108,37,TRUE
Jose Trevino,"Trevino, Jose",552,C,554.67,16725,288,69,30,6,31,2,,,,,,,,TRUE
Glenn Otto,"Otto, Glenn",553,P,555.5,21366,,,,,,,92,47,6,91,0,91,39,TRUE
Jordan Lyles,"Lyles, Jordan",554,P,556.67,7593,,,,,,,134,82,6,109,0,147,47,TRUE
Taylor Hearn,"Hearn, Taylor",555,P,557,18325,,,,,,,109,61,6,102,0,108,49,TRUE
Brennen Davis,"Davis, Brennen",556,OF,558.33,sa3007876,37,9,5,2,5,1,,,,,,,,TRUE
Cade Cavalli,"Cavalli, Cade",557,P,559.33,sa3014421,,,,,,,51,27,3,49,0,51,25,TRUE
Cole Tucker,"Tucker, Cole",558,SS,559.83,17326,311,72,38,6,31,7,,,,,,,,TRUE
Tyler Matzek,"Matzek, Tyler",559,P,560.33,10058,,,,,,,68,26,4,88,2,52,35,TRUE
Reynaldo Lopez,"Lopez, Reynaldo",560,P,560.83,16400,,,,,,,53,26,3,52,0,50,18,TRUE
Oscar Mercado,"Mercado, Oscar",561,OF,561,16375,252,61,33,7,28,9,,,,,,,,TRUE
Josh Naylor,"Naylor, Josh",562,OF,562.33,18839,230,61,29,9,30,1,,,,,,,,TRUE
Victor Reyes,"Reyes, Victor",563,OF,566.33,15487,256,70,33,6,27,7,,,,,,,,TRUE
Ben Gamel,"Gamel, Ben",564,OF,566.5,12160,454,112,58,10,45,6,,,,,,,,TRUE
Matt Beaty,"Beaty, Matt",565,"1B, OF",567.33,17710,308,79,43,9,47,3,,,,,,,,TRUE
Sammy Long,"Long, Sammy",566,P,569,25379,,,,,,,77,38,4,70,0,76,30,TRUE
Cody Morris,"Morris, Cody",567,P,569.17,sa3008653,,,,,,,58,26,3,62,0,54,21,TRUE
Justin Upton,"Upton, Justin",568,OF,569.17,5222,295,65,42,16,45,3,,,,,,,,TRUE
Jackie Bradley Jr.,"Bradley Jr., Jackie",569,OF,571,12984,349,76,44,9,39,6,,,,,,,,TRUE
Dan Straily,"Straily, Dan",570,P,572.5,9460,,,,,,,100,66,4,74,0,114,39,TRUE
Kevin Newman,"Newman, Kevin",571,SS,573.83,17696,375,100,42,5,36,6,,,,,,,,TRUE
Tyler Alexander,"Alexander, Tyler",572,P,576.17,17735,,,,,,,108,57,6,88,0,114,32,TRUE
Brad Keller,"Keller, Brad",573,P,576.33,15734,,,,,,,156,77,10,127,0,159,65,TRUE
Matt Duffy,"Duffy, Matt",574,"2B, 3B",576.5,13836,237,64,29,4,24,4,,,,,,,,TRUE
Luis Campusano,"Campusano, Luis",575,C,576.83,22217,110,27,13,4,13,0,,,,,,,,TRUE
Ryan Tepera,"Tepera, Ryan",576,P,577.17,10291,,,,,,,66,31,3,73,0,58,27,TRUE
Dom Nunez,"Nunez, Dom",577,C,577.67,15055,227,46,30,10,31,1,,,,,,,,TRUE
Justin Dunn,"Dunn, Justin",578,P,577.67,19268,,,,,,,82,44,4,82,0,76,39,TRUE
Lars Nootbaar,"Nootbaar, Lars",579,OF,578.33,21454,294,74,39,11,37,5,,,,,,,,TRUE
Andres Munoz,"Munoz, Andres",580,P,578.83,20373,,,,,,,46,20,3,63,1,36,24,TRUE
Dallas Keuchel,"Keuchel, Dallas",581,P,579.5,9434,,,,,,,162,82,10,110,0,177,56,TRUE
Antonio Senzatela,"Senzatela, Antonio",582,P,581.67,15488,,,,,,,174,97,8,122,0,204,49,TRUE
Seth Beer,"Beer, Seth",583,UT,581.67,20493,340,88,47,14,46,1,,,,,,,,TRUE
Kyle Wright,"Wright, Kyle",584,P,583,19665,,,,,,,45,22,3,40,0,45,17,TRUE
Matt Thaiss,"Thaiss, Matt",585,1B,583.5,19318,194,45,27,7,26,1,,,,,,,,TRUE
Jose Alvarado,"Alvarado, Jose",586,P,585.33,17780,,,,,,,67,28,4,87,9,52,45,TRUE
Jose Iglesias,"Iglesias, Jose",587,SS,588.5,10231,467,130,54,8,53,5,,,,,,,,TRUE
Luis Garcia,"Garcia, Luis",588,P,589,6984,,,,,,,60,28,3,63,1,54,26,TRUE
Jon Berti,"Berti, Jon",589,"2B, 3B",590.33,12037,115,28,16,2,11,5,,,,,,,,TRUE
Matt Brash,"Brash, Matt",590,P,590.5,sa3010616,,,,,,,83,40,4,83,0,76,37,TRUE
Jake Fraley,"Fraley, Jake",591,OF,592,19260,350,80,46,14,49,13,,,,,,,,TRUE
Sam Huff,"Huff, Sam",592,1B,592.67,22209,24,5,3,1,3,0,,,,,,,,TRUE
Mike Brosseau,"Brosseau, Mike",593,"2B, 3B",593.33,19683,226,52,29,8,29,2,,,,,,,,TRUE
Yimi Garcia,"Garcia, Yimi",594,P,594.5,12095,,,,,,,60,29,5,64,1,55,19,TRUE
Kwang Hyun Kim,"Kim, Kwang Hyun",595,P,597.5,27458,,,,,,,113,58,7,87,0,117,39,TRUE
David Price,"Price, David",596,P,598.17,3184,,,,,,,79,37,5,76,0,78,25,TRUE
Kyle Higashioka,"Higashioka, Kyle",597,C,599.17,5517,223,48,27,11,34,1,,,,,,,,TRUE
Austin Hedges,"Hedges, Austin",598,C,600.83,12976,355,71,39,14,45,2,,,,,,,,TRUE
Mauricio Dubon,"Dubon, Mauricio",599,"2B, SS, OF",601.17,16530,116,30,14,3,13,2,,,,,,,,TRUE
Tyler Duffey,"Duffey, Tyler",600,P,603.17,13758,,,,,,,66,30,3,69,4,61,25,TRUE
Kevin Plawecki,"Plawecki, Kevin",601,C,604.83,13807,224,59,26,5,27,1,,,,,,,,TRUE
Andrelton Simmons,"Simmons, Andrelton",602,SS,608.33,10847,482,123,53,6,47,5,,,,,,,,TRUE
Jake Burger,"Burger, Jake",603,3B,608.83,22275,51,13,7,2,7,0,,,,,,,,TRUE
Caleb Smith,"Smith, Caleb",604,P,610.17,14875,,,,,,,65,35,3,72,2,59,30,TRUE
Danny Duffy,"Duffy, Danny",605,P,610.33,3542,,,,,,,97,46,6,102,0,90,35,TRUE
Matt Liberatore,"Liberatore, Matt",606,P,614.33,,,,,,,,,,,,,,,TRUE
George Kirby,"Kirby, George",607,P,615,sa3011526,,,,,,,25,12,1,22,0,26,8,TRUE
Daulton Jefferies,"Jefferies, Daulton",608,P,616.5,19345,,,,,,,78,36,4,61,0,80,16,TRUE
Eli Morgan,"Morgan, Eli",609,P,618.5,20203,,,,,,,65,36,3,59,0,67,20,TRUE
Curt Casali,"Casali, Curt",610,C,620,12510,213,46,23,6,25,1,,,,,,,,TRUE
Mitch White,"White, Mitch",611,P,621.17,19225,,,,,,,24,12,1,24,0,23,9,TRUE
Austin Barnes,"Barnes, Austin",612,C,621.5,12158,201,44,27,6,24,2,,,,,,,,TRUE
Daniel Bard,"Bard, Daniel",613,P,625.67,7115,,,,,,,65,33,6,73,9,62,33,TRUE
Bailey Falter,"Falter, Bailey",614,P,626.5,20070,,,,,,,61,29,3,59,0,59,17,TRUE
Julian Merryweather,"Merryweather, Julian",615,P,626.5,16703,,,,,,,54,25,3,54,2,52,19,TRUE
Jason Castro,"Castro, Jason",616,C,627.83,8722,136,29,19,6,17,0,,,,,,,,TRUE
Colin Moran,"Moran, Colin",617,1B,629.33,16909,302,76,35,11,44,1,,,,,,,,TRUE
Odubel Herrera,"Herrera, Odubel",618,OF,630.67,11476,288,76,38,9,36,4,,,,,,,,TRUE
Aaron Bummer,"Bummer, Aaron",619,P,631,16258,,,,,,,64,22,4,76,0,51,28,TRUE
Adam Engel,"Engel, Adam",620,OF,631,15082,345,82,43,12,40,11,,,,,,,,TRUE
Griffin Canning,"Canning, Griffin",621,P,631.33,19867,,,,,,,38,19,2,40,0,36,14,TRUE
Robert Stephenson,"Stephenson, Robert",622,P,631.5,13594,,,,,,,63,33,3,71,2,60,27,TRUE
CJ Abrams,"Abrams, CJ",623,SS,632.83,sa3010152,64,16,8,1,7,3,,,,,,,,TRUE
Brent Suter,"Suter, Brent",624,P,632.83,13942,,,,,,,65,30,5,57,1,65,19,TRUE
Brusdar Graterol,"Graterol, Brusdar",625,P,634.5,20367,,,,,,,66,26,5,64,7,61,22,TRUE
Emilio Pagan,"Pagan, Emilio",626,P,634.83,14771,,,,,,,63,31,3,71,3,56,21,TRUE
Zach McKinstry,"McKinstry, Zach",627,"2B, OF",635.67,19392,184,44,23,7,26,3,,,,,,,,TRUE
Christian Arroyo,"Arroyo, Christian",628,2B,636.17,16434,211,52,27,7,28,2,,,,,,,,TRUE
Drew Pomeranz,"Pomeranz, Drew",629,P,637.17,11426,,,,,,,32,14,2,39,0,27,16,TRUE
Jackson Kowar,"Kowar, Jackson",630,P,637.5,21549,,,,,,,37,19,2,35,0,36,15,TRUE
Yu Chang,"Chang, Yu",631,"1B, 3B",637.5,14773,225,53,28,8,31,2,,,,,,,,TRUE
Alec Mills,"Mills, Alec",632,P,637.67,13834,,,,,,,81,46,4,59,0,90,25,TRUE
A.J. Alexy,"Alexy, A.J.",633,P,639.5,22343,,,,,,,101,57,5,91,0,100,52,TRUE
William Contreras,"Contreras, William",634,C,642.67,20503,23,6,3,1,3,0,,,,,,,,TRUE
Brett Phillips,"Phillips, Brett",635,OF,643.5,14735,193,37,28,7,24,9,,,,,,,,TRUE
Tony Santillan,"Santillan, Tony",636,P,644.33,19926,,,,,,,61,32,3,69,0,56,30,TRUE
Trevor Richards,"Richards, Trevor",637,P,645,19309,,,,,,,56,25,4,63,0,49,21,TRUE
Cristian Pache,"Pache, Cristian",638,OF,646.5,19948,206,47,26,6,23,4,,,,,,,,TRUE
Riley Adams,"Adams, Riley",639,C,647.33,19864,284,62,35,10,33,1,,,,,,,,TRUE
Alex Vesia,"Vesia, Alex",640,P,648.5,25007,,,,,,,62,28,4,81,2,50,31,TRUE
Seth Lugo,"Lugo, Seth",641,P,648.67,12447,,,,,,,70,30,4,77,1,62,21,TRUE
Aaron Loup,"Loup, Aaron",642,P,650.33,10343,,,,,,,62,25,4,62,1,57,20,TRUE
Justin Steele,"Steele, Justin",643,P,652.33,17312,,,,,,,91,46,5,89,0,87,43,TRUE
Maikel Franco,"Franco, Maikel",644,3B,653.17,12179,123,29,13,5,17,0,,,,,,,,TRUE
Mike Mayers,"Mayers, Mike",645,P,654.17,15451,,,,,,,66,29,4,76,2,59,24,TRUE
Colton Welker,"Welker, Colton",646,3B,657.17,19961,405,104,52,14,52,3,,,,,,,,TRUE
Cole Winn,"Winn, Cole",647,P,657.17,sa3008662,,,,,,,39,21,2,36,0,39,18,TRUE
Steven Duggar,"Duggar, Steven",648,OF,657.33,17719,327,78,42,7,37,8,,,,,,,,TRUE
Jake McCarthy,"McCarthy, Jake",649,OF,658.67,21622,310,70,38,8,34,18,,,,,,,,TRUE
Luke Jackson,"Jackson, Luke",650,P,658.83,11752,,,,,,,66,29,3,73,1,61,28,TRUE
MacKenzie Gore,"Gore, MacKenzie",651,P,658.83,sa3005068,,,,,,,32,17,2,29,0,31,15,TRUE
Brent Rooker,"Rooker, Brent",652,OF,659,19627,245,54,35,13,36,1,,,,,,,,TRUE
Josh VanMeter,"VanMeter, Josh",653,"2B, 3B",662.17,15170,311,72,42,11,41,6,,,,,,,,TRUE
Randy Dobnak,"Dobnak, Randy",654,P,662.17,23798,,,,,,,101,51,6,65,0,114,30,TRUE
Corey Dickerson,"Dickerson, Corey",655,OF,662.67,10762,395,105,49,11,46,5,,,,,,,,TRUE
Dylan Coleman,"Coleman, Dylan",656,P,663,22276,,,,,,,60,25,4,67,0,53,26,TRUE
Geraldo Perdomo,"Perdomo, Geraldo",657,SS,664.17,22799,92,21,11,1,8,2,,,,,,,,TRUE
Greg Allen,"Allen, Greg",658,OF,664.5,16623,162,41,21,3,16,8,,,,,,,,TRUE
Nolan Jones,"Jones, Nolan",659,3B,665,sa917941,207,48,28,7,25,4,,,,,,,,TRUE
Tommy Romero,"Romero, Tommy",660,P,666.83,sa3004469,,,,,,,13,6,1,13,0,12,5,TRUE
Jake Cousins,"Cousins, Jake",661,P,668.83,21620,,,,,,,60,24,3,76,0,48,26,TRUE
Joan Adon,"Adon, Joan",662,P,669.67,22925,,,,,,,26,15,1,21,0,27,12,TRUE
Johnny Cueto,"Cueto, Johnny",663,P,669.67,6893,,,,,,,142,75,8,113,0,151,43,TRUE
Miguel Andujar,"Andujar, Miguel",664,OF,670.17,15878,98,26,13,4,13,0,,,,,,,,TRUE
Brent Honeywell Jr.,"Honeywell Jr., Brent",665,P,672.5,16466,,,,,,,61,32,3,47,0,65,20,TRUE
Dustin May,"May, Dustin",666,P,673,19716,,,,,,,47,19,3,48,0,43,14,TRUE
Paolo Espino,"Espino, Paolo",667,P,674,8246,,,,,,,61,36,3,52,0,67,18,TRUE
Phil Gosselin,"Gosselin, Phil",668,"1B, 3B, OF",674,10953,228,56,26,5,26,2,,,,,,,,TRUE
Wil Crowe,"Crowe, Wil",669,P,675.33,19800,,,,,,,96,55,4,83,0,101,43,TRUE
Ryan Weathers,"Weathers, Ryan",670,P,676,23796,,,,,,,36,19,2,28,0,38,13,TRUE
Stephen Piscotty,"Piscotty, Stephen",671,OF,676.67,13367,503,119,57,18,65,4,,,,,,,,TRUE
Luis Cessa,"Cessa, Luis",672,P,677,13345,,,,,,,66,33,3,60,4,66,24,TRUE
Zack Collins,"Collins, Zack",673,C,679.33,19181,65,13,9,3,9,0,,,,,,,,TRUE
Miguel Yajure,"Yajure, Miguel",674,P,680.5,21111,,,,,,,34,18,2,28,0,36,13,TRUE
Andrew Chafin,"Chafin, Andrew",675,P,681,12988,,,,,,,70,30,4,69,0,63,25,TRUE
Bryse Wilson,"Wilson, Bryse",676,P,681.67,19990,,,,,,,117,65,6,84,0,129,36,TRUE
Jason Heyward,"Heyward, Jason",677,OF,681.67,4940,372,91,48,12,46,5,,,,,,,,TRUE
Kevin Pillar,"Pillar, Kevin",678,OF,684.17,12434,282,69,35,10,38,5,,,,,,,,TRUE
Austin Allen,"Allen, Austin",679,C,685.67,18083,208,52,25,9,28,1,,,,,,,,TRUE
Mychal Givens,"Givens, Mychal",680,P,686.83,10430,,,,,,,66,34,4,79,0,57,32,TRUE
Asdrubal Cabrera,"Cabrera, Asdrubal",681,3B,687.17,4962,237,56,30,8,35,1,,,,,,,,TRUE
James Paxton,"Paxton, James",682,P,688.17,11828,,,,,,,43,21,3,46,0,41,15,TRUE
J.P. Feyereisen,"Feyereisen, J.P.",683,P,688.5,16610,,,,,,,58,28,4,63,1,50,30,TRUE
Dillon Peters,"Peters, Dillon",684,P,689.17,18790,,,,,,,92,49,4,77,0,96,32,TRUE
Spencer Strider,"Strider, Spencer",685,P,689.33,27498,,,,,,,31,15,2,34,0,28,13,TRUE
Touki Toussaint,"Toussaint, Touki",686,P,689.83,16929,,,,,,,58,31,3,61,0,55,29,TRUE
Corbin Martin,"Martin, Corbin",687,P,690,19884,,,,,,,38,24,2,33,0,41,20,TRUE
Kirby Yates,"Yates, Kirby",688,P,690,9073,,,,,,,36,15,3,46,2,30,12,TRUE
Nick Fortes,"Fortes, Nick",689,C,690.5,21538,115,28,15,3,14,1,,,,,,,,TRUE
Travis Swaggerty,"Swaggerty, Travis",690,OF,690.83,sa3007512,188,46,23,5,19,6,,,,,,,,TRUE
Bruce Zimmermann,"Zimmermann, Bruce",691,P,691.83,20370,,,,,,,118,66,6,99,0,126,46,TRUE
Thairo Estrada,"Estrada, Thairo",692,SS,692.17,16426,264,69,36,9,34,4,,,,,,,,TRUE
Jose Leclerc,"Leclerc, Jose",693,P,692.33,14524,,,,,,,36,16,2,47,0,28,18,TRUE
Ryne Stanek,"Stanek, Ryne",694,P,692.83,15947,,,,,,,70,32,4,88,1,57,34,TRUE
Clay Holmes,"Holmes, Clay",695,P,694.5,13649,,,,,,,60,26,4,66,1,52,32,TRUE
Cooper Hummel,"Hummel, Cooper",696,OF,695.5,sa918412,155,38,23,5,20,2,,,,,,,,TRUE
Zach Davies,"Davies, Zach",697,P,695.83,13183,,,,,,,148,85,8,108,0,160,61,TRUE
Deivi Garcia,"Garcia, Deivi",698,P,695.83,20276,,,,,,,8,5,0,7,0,8,5,TRUE
Andrew Knizner,"Knizner, Andrew",699,C,696,19514,172,41,21,5,20,1,,,,,,,,TRUE
Daz Cameron,"Cameron, Daz",700,OF,696.17,18353,151,35,19,4,17,5,,,,,,,,TRUE
Tyler Gilbert,"Gilbert, Tyler",701,P,696.83,17964,,,,,,,58,32,3,46,0,61,21,TRUE
Zac Lowther,"Lowther, Zac",702,P,697.67,20243,,,,,,,89,49,5,79,0,90,40,TRUE
Demarcus Evans,"Evans, Demarcus",703,P,698.5,21087,,,,,,,40,21,2,45,2,36,23,TRUE
Garrett Richards,"Richards, Garrett",704,P,700,9784,,,,,,,114,61,6,96,0,119,46,TRUE
Vinnie Pasquantino,"Pasquantino, Vinnie",705,1B,701,,,,,,,,,,,,,,,TRUE
Isaac Paredes,"Paredes, Isaac",706,2B,701.33,20036,67,17,9,2,8,0,,,,,,,,TRUE
Drew Waters,"Waters, Drew",707,OF,702,sa3004378,228,55,26,6,22,9,,,,,,,,TRUE
Aristides Aquino,"Aquino, Aristides",708,OF,705.5,15482,409,91,59,25,71,7,,,,,,,,TRUE
Jake Diekman,"Diekman, Jake",709,P,705.5,5003,,,,,,,69,28,4,91,0,53,39,TRUE
Josh Fleming,"Fleming, Josh",710,P,708.17,20418,,,,,,,43,21,3,30,0,46,12,TRUE
Evan White,"White, Evan",711,1B,708.17,20078,218,47,25,9,28,2,,,,,,,,TRUE
Yonny Hernandez,"Hernandez, Yonny",712,3B,708.83,19432,36,9,5,0,3,2,,,,,,,,TRUE
Harold Castro,"Castro, Harold",713,"2B, SS",709,14691,178,48,18,2,18,1,,,,,,,,TRUE
Daniel Ponce de Leon,"Ponce de Leon, Daniel",714,P,709.83,16110,,,,,,,18,10,1,19,0,17,10,TRUE
Jed Lowrie,"Lowrie, Jed",715,2B,710,4418,413,100,50,12,57,0,,,,,,,,TRUE
Joe Ross,"Ross, Joe",716,P,710.33,12972,,,,,,,78,40,5,72,0,79,27,TRUE
Phil Maton,"Maton, Phil",717,P,712,18064,,,,,,,64,29,3,71,0,57,27,TRUE
Luis Rengifo,"Rengifo, Luis",718,SS,712.33,19858,195,48,25,6,22,5,,,,,,,,TRUE
Adam Ottavino,"Ottavino, Adam",719,P,713.17,1247,,,,,,,68,30,5,81,0,57,37,TRUE
Reese McGuire,"McGuire, Reese",720,C,713.33,15674,64,15,8,2,6,0,,,,,,,,TRUE
Alex Dickerson,"Dickerson, Alex",721,OF,713.67,12649,265,67,37,11,38,1,,,,,,,,TRUE
Ryan Vilade,"Vilade, Ryan",722,OF,713.83,22165,230,60,27,4,22,5,,,,,,,,TRUE
Clarke Schmidt,"Schmidt, Clarke",723,P,713.83,19899,,,,,,,14,8,1,13,0,15,6,TRUE
Yonathan Daza,"Daza, Yonathan",724,OF,714.17,15794,291,81,32,4,29,4,,,,,,,,TRUE
Amir Garrett,"Garrett, Amir",725,P,714.17,14375,,,,,,,61,29,3,77,1,52,33,TRUE
JT Chargois,"Chargois, JT",726,P,714.83,13767,,,,,,,63,26,4,68,3,54,28,TRUE
Austin Adams,"Adams, Austin",727,P,715,13801,,,,,,,48,20,3,62,0,39,26,TRUE
Matt Wisler,"Wisler, Matt",728,P,716,12804,,,,,,,60,26,4,69,2,53,19,TRUE
D.L. Hall,"Hall, D.L.",729,P,716.5,sa3005282,,,,,,,25,14,1,26,0,23,15,TRUE
David Bote,"Bote, David",730,"2B, 3B",716.5,14593,197,46,25,7,27,1,,,,,,,,TRUE
Johan Camargo,"Camargo, Johan",731,1B,717,14950,158,41,22,6,21,0,,,,,,,,TRUE
Michael King,"King, Michael",732,P,717.67,19853,,,,,,,63,29,4,63,0,60,21,TRUE
Austin Martin,"Martin, Austin",733,OF,718,,,,,,,,,,,,,,,TRUE
Heliot Ramos,"Ramos, Heliot",734,OF,718.5,sa3004693,212,50,25,6,22,5,,,,,,,,TRUE
Joshua Fuentes,"Fuentes, Joshua",735,"1B, 3B",718.67,,,,,,,,,,,,,,,TRUE
Donovan Solano,"Solano, Donovan",736,2B,719.5,8623,384,107,44,7,41,2,,,,,,,,TRUE
Justus Sheffield,"Sheffield, Justus",737,P,719.67,17285,,,,,,,49,24,3,44,0,49,22,TRUE
Craig Stammen,"Stammen, Craig",738,P,720.67,7274,,,,,,,60,25,4,54,1,58,14,TRUE
Jovani Moran,"Moran, Jovani",739,P,721.83,20422,,,,,,,46,21,2,55,0,39,27,TRUE
Keegan Akin,"Akin, Keegan",740,P,721.83,19362,,,,,,,98,53,5,90,0,100,39,TRUE
David Dahl,"Dahl, David",741,OF,722.83,13744,116,28,14,4,14,1,,,,,,,,TRUE
Matthew Boyd,"Boyd, Matthew",742,P,723.33,15440,,,,,,,81,39,5,84,0,77,23,TRUE
Tucupita Marcano,"Marcano, Tucupita",743,2B,724,22871,75,18,10,1,7,2,,,,,,,,TRUE
Jordan Balazovic,"Balazovic, Jordan",744,P,724.17,sa918017,,,,,,,42,23,2,35,0,45,17,TRUE
Taylor Ward,"Ward, Taylor",745,OF,724.5,17548,18,5,3,1,2,0,,,,,,,,TRUE
Jeter Downs,"Downs, Jeter",746,SS,725.67,sa3004615,13,3,2,0,1,0,,,,,,,,TRUE
Domingo Acevedo,"Acevedo, Domingo",747,P,725.67,17092,,,,,,,62,28,3,64,0,57,21,TRUE
Jharel Cotton,"Cotton, Jharel",748,P,725.83,13654,,,,,,,58,30,3,59,0,56,26,TRUE
Deolis Guerra,"Guerra, Deolis",749,P,726.17,8410,,,,,,,64,30,3,63,3,60,22,TRUE
Johan Oviedo,"Oviedo, Johan",750,P,726.83,22487,,,,,,,36,19,2,32,0,36,18,TRUE
Casey Sadler,"Sadler, Casey",751,P,727,11209,,,,,,,60,26,3,58,0,54,19,TRUE
Chance Sisco,"Sisco, Chance",752,C,727,15694,67,14,8,2,8,0,,,,,,,,TRUE
Royce Lewis,"Lewis, Royce",753,SS,727.17,,,,,,,,,,,,,,,TRUE
Jordan Luplow,"Luplow, Jordan",754,OF,728.5,16424,326,76,48,15,47,4,,,,,,,,TRUE
Taylor Trammell,"Trammell, Taylor",755,OF,729.17,19960,61,13,8,2,7,1,,,,,,,,TRUE
JJ Bleday,"Bleday, JJ",756,UT,729.33,sa3011642,37,8,5,1,4,0,,,,,,,,TRUE
Estevan Florial,"Florial, Estevan",757,OF,729.33,19151,163,35,20,6,20,5,,,,,,,,TRUE
Caleb Kilian,"Kilian, Caleb",758,P,729.5,sa3011773,,,,,,,8,4,1,7,0,9,2,TRUE
Logan Allen,"Allen, Logan",759,P,729.67,,,,,,,,,,,,,,,TRUE
Bobby Miller,"Miller, Bobby",760,P,729.67,,,,,,,,,,,,,,,TRUE
Spencer Patton,"Patton, Spencer",761,P,730,12361,,,,,,,64,32,4,65,3,60,27,TRUE
Tanner Scott,"Scott, Tanner",762,P,730.17,17586,,,,,,,60,24,4,76,2,49,32,TRUE
Diego Castillo,"Castillo, Diego",763,2B,730.5,sa872839,26,6,3,1,3,0,,,,,,,,TRUE
Kolby Allard,"Allard, Kolby",764,P,732.17,18694,,,,,,,56,31,3,48,0,59,18,TRUE
Daniel Vogelbach,"Vogelbach, Daniel",765,1B,732.5,14130,151,35,23,8,23,0,,,,,,,,TRUE
Oswald Peraza,"Peraza, Oswald",766,SS,732.5,sa3003305,194,49,23,5,21,10,,,,,,,,TRUE
Kevin Smith,"Smith, Kevin",767,3B,732.67,20242,319,73,41,15,45,8,,,,,,,,TRUE
Hanser Alberto,"Alberto, Hanser",768,"2B, 3B",732.67,,,,,,,,,,,,,,,TRUE
Shea Langeliers,"Langeliers, Shea",769,C,732.83,,,,,,,,,,,,,,,TRUE
Richie Palacios,"Palacios, Richie",770,2B,732.83,sa3006908,68,18,10,1,7,2,,,,,,,,TRUE
Miguel Vargas,"Vargas, Miguel",771,3B,733.33,,,,,,,,,,,,,,,TRUE
Brooks Raley,"Raley, Brooks",772,P,733.33,10061,,,,,,,52,20,3,56,0,45,21,TRUE
Hoy Park,"Park, Hoy",773,2B,733.67,18027,156,37,22,4,17,4,,,,,,,,TRUE
Wily Peralta,"Peralta, Wily",774,P,734.33,7738,,,,,,,123,68,6,92,0,131,54,TRUE
Hansel Robles,"Robles, Hansel",775,P,734.83,11801,,,,,,,68,33,4,73,0,63,29,TRUE
Jake Brentz,"Brentz, Jake",776,P,735,17783,,,,,,,60,27,3,70,1,51,33,TRUE
Yermin Mercedes,"Mercedes, Yermin",777,UT,735.67,,,,,,,,,,,,,,,TRUE
Joe Kelly,"Kelly, Joe",778,P,736.5,9761,,,,,,,59,23,3,65,0,51,26,TRUE
Derek Hill,"Hill, Derek",779,OF,736.5,16947,193,46,23,4,19,6,,,,,,,,TRUE
Ethan Small,"Small, Ethan",780,P,736.67,sa3011621,,,,,,,39,21,2,37,0,38,19,TRUE
Seranthony Dominguez,"Dominguez, Seranthony",781,P,737.17,19249,,,,,,,52,24,3,52,5,47,23,TRUE
Travis Shaw,"Shaw, Travis",782,"1B, 3B",737.5,11982,195,43,24,8,28,1,,,,,,,,TRUE
DJ Stewart,"Stewart, DJ",783,OF,738.33,17766,192,43,27,9,28,1,,,,,,,,TRUE
Martin Perez,"Perez, Martin",784,P,738.5,6902,,,,,,,105,58,7,83,0,116,40,TRUE
A.J. Minter,"Minter, A.J.",785,P,738.67,18655,,,,,,,62,25,5,73,0,54,24,TRUE
Scott Kingery,"Kingery, Scott",786,OF,739,17975,173,37,20,5,18,4,,,,,,,,TRUE
Max Schrock,"Schrock, Max",787,OF,739.17,17750,148,38,18,4,17,2,,,,,,,,TRUE
Rafael Marchan,"Marchan, Rafael",788,C,739.17,21646,58,13,7,1,5,0,,,,,,,,TRUE
TJ Friedl,"Friedl, TJ",789,OF,739.5,19522,278,71,37,8,31,8,,,,,,,,TRUE
Brendon Davis,"Davis, Brendon",790,3B,739.83,sa875089,25,6,3,1,3,0,,,,,,,,TRUE
Elehuris Montero,"Montero, Elehuris",791,3B,739.83,sa872477,31,8,5,2,5,0,,,,,,,,TRUE
Sergio Alcantara,"Alcantara, Sergio",792,"2B, SS",740,16417,214,48,26,4,20,3,,,,,,,,TRUE
J.B. Bukauskas,"Bukauskas, J.B.",793,P,740.33,20491,,,,,,,52,28,2,50,0,50,29,TRUE
Tomas Nido,"Nido, Tomas",794,C,740.33,13755,192,42,20,5,21,1,,,,,,,,TRUE
Wilson Ramos,"Ramos, Wilson",795,C,740.5,1433,159,42,18,6,23,0,,,,,,,,TRUE
J.B. Wendelken,"Wendelken, J.B.",796,P,740.67,14506,,,,,,,60,31,4,58,1,58,26,TRUE
J.A. Happ,"Happ, J.A.",797,P,740.67,7410,,,,,,,138,74,8,109,0,144,44,TRUE
Jake Bauers,"Bauers, Jake",798,"1B, OF",741,,,,,,,,,,,,,,,TRUE
Ryan Noda,"Noda, Ryan",799,UT,741.17,,,,,,,,,,,,,,,TRUE
Mark Leiter,"Leiter, Mark",800,P,741.17,,,,,,,,,,,,,,,TRUE
Taylor Widener,"Widener, Taylor",801,P,741.33,19266,,,,,,,46,25,2,47,0,45,21,TRUE
Yonny Chirinos,"Chirinos, Yonny",802,P,741.5,16401,,,,,,,97,45,5,82,0,94,26,TRUE
Jack Mayfield,"Mayfield, Jack",803,3B,742,15402,141,33,17,5,19,2,,,,,,,,TRUE
Kervin Castro,"Castro, Kervin",804,P,742,21656,,,,,,,53,25,3,50,0,51,23,TRUE
Jacob Nottingham,"Nottingham, Jacob",805,UT,742.17,16448,126,25,15,5,16,2,,,,,,,,TRUE
Pedro Leon,"Leon, Pedro",806,OF,743.17,sa3014838,6,1,1,0,1,0,,,,,,,,TRUE
Brett Anderson,"Anderson, Brett",807,P,743.33,8223,,,,,,,109,57,7,63,0,123,33,TRUE
Roberto Osuna,"Osuna, Roberto",808,P,743.33,,,,,,,,,,,,,,,TRUE
Chris Archer,"Archer, Chris",809,P,743.33,6345,,,,,,,97,50,5,98,0,96,38,TRUE
Colin Poche,"Poche, Colin",810,P,743.67,19403,,,,,,,44,18,3,55,0,35,17,TRUE
Mark Vientos,"Vientos, Mark",811,UT,744,sa3004720,13,3,2,1,2,0,,,,,,,,TRUE
Connor Brogdon,"Brogdon, Connor",812,P,744,21205,,,,,,,63,30,4,66,1,57,24,TRUE
Hans Crouse,"Crouse, Hans",813,P,744.5,22192,,,,,,,31,19,2,26,0,33,14,TRUE
Brandon Williamson,"Williamson, Brandon",814,P,744.67,sa3011494,,,,,,,34,16,2,36,0,32,13,TRUE
Jared Oliva,"Oliva, Jared",815,OF,744.83,19968,114,26,13,2,11,5,,,,,,,,TRUE
Peter Solomon,"Solomon, Peter",816,P,744.83,20476,,,,,,,11,5,1,11,0,10,5,TRUE
Ryan Pepiot,"Pepiot, Ryan",817,P,744.83,sa3011244,,,,,,,8,4,0,8,0,8,3,TRUE
Tim Mayza,"Mayza, Tim",818,P,745,15042,,,,,,,62,25,4,66,2,54,23,TRUE
Nelson Velazquez,"Velazquez, Nelson",819,OF,745.33,sa3005129,65,16,8,3,9,1,,,,,,,,TRUE
Michael Stefanic,"Stefanic, Michael",820,2B,745.67,sa3008479,64,17,8,2,7,1,,,,,,,,TRUE
Gabriel Arias,"Arias, Gabriel",821,SS,745.83,,,,,,,,,,,,,,,TRUE
Peyton Battenfield,"Battenfield, Peyton",822,P,746,,,,,,,,,,,,,,,TRUE
Nomar Mazara,"Mazara, Nomar",823,OF,746.33,14553,317,77,39,11,43,2,,,,,,,,TRUE
Genesis Cabrera,"Cabrera, Genesis",824,P,746.67,17490,,,,,,,66,29,4,75,1,56,31,TRUE
Sam Coonrod,"Coonrod, Sam",825,P,746.67,17264,,,,,,,59,25,3,63,2,52,25,TRUE
Mike Foltynewicz,"Foltynewicz, Mike",826,P,746.67,10811,,,,,,,125,74,6,96,0,134,42,TRUE
Logan Allen,"Allen, Logan",827,P,746.83,18555,,,,,,,57,31,3,49,0,59,24,TRUE
Erik Swanson,"Swanson, Erik",828,P,746.83,16587,,,,,,,40,20,2,41,0,37,13,TRUE
Kelvin Gutierrez,"Gutierrez, Kelvin",829,3B,747,17468,372,90,40,9,39,4,,,,,,,,TRUE
Rene Pinto,"Pinto, Rene",830,UT,747,sa826668,35,8,4,1,4,0,,,,,,,,TRUE
Anthony Bass,"Bass, Anthony",831,P,747.33,7982,,,,,,,63,29,4,60,2,59,25,TRUE
Dillon Tate,"Tate, Dillon",832,P,747.5,17796,,,,,,,58,27,3,48,1,58,21,TRUE
Adrian Morejon,"Morejon, Adrian",833,P,747.67,20039,,,,,,,23,9,2,27,0,19,9,TRUE
Josh James,"James, Josh",834,P,747.83,16794,,,,,,,24,11,1,30,0,20,13,TRUE
Josh Winder,"Winder, Josh",835,P,748,sa3007993,,,,,,,80,43,3,67,0,84,26,TRUE
Jorge Lopez,"Lopez, Jorge",836,P,748,14527,,,,,,,56,28,3,53,2,56,20,TRUE
Trevor Williams,"Williams, Trevor",837,P,748.33,16977,,,,,,,82,40,4,73,0,82,24,TRUE
Tommy Kahnle,"Kahnle, Tommy",838,P,748.33,11384,,,,,,,54,22,3,71,0,44,20,TRUE
Caleb Thielbar,"Thielbar, Caleb",839,P,748.5,10078,,,,,,,62,28,3,66,1,57,21,TRUE
Scott Effross,"Effross, Scott",840,P,748.5,18384,,,,,,,62,32,4,53,0,64,19,TRUE
Brett Baty,"Baty, Brett",841,3B,748.83,,,,,,,,,,,,,,,TRUE
Jake Woodford,"Woodford, Jake",842,P,749,18674,,,,,,,58,33,3,43,0,60,24,TRUE
Brad Wieck,"Wieck, Brad",843,P,749,16390,,,,,,,55,26,3,68,1,46,26,TRUE
Griffin Jax,"Jax, Griffin",844,P,749.17,20253,,,,,,,83,52,4,63,0,93,29,TRUE
Ronald Torreyes,"Torreyes, Ronald",845,"3B, SS",749.17,11400,181,45,19,4,20,1,,,,,,,,TRUE
Ryan Kreidler,"Kreidler, Ryan",846,SS,749.5,sa3010587,25,6,3,1,3,1,,,,,,,,TRUE
Mallex Smith,"Smith, Mallex",847,OF,749.5,,,,,,,,,,,,,,,TRUE
Michael Busch,"Busch, Michael",848,2B,749.83,,,,,,,,,,,,,,,TRUE
Tyler Freeman,"Freeman, Tyler",849,UT,750,,,,,,,,,,,,,,,TRUE
Connor Seabold,"Seabold, Connor",850,P,750,19695,,,,,,,27,16,1,21,0,29,10,TRUE
Matt Harvey,"Harvey, Matt",851,P,750.17,11713,,,,,,,55,33,3,41,0,63,17,TRUE
Noe Ramirez,"Ramirez, Noe",852,P,750.17,12800,,,,,,,64,33,3,63,1,61,24,TRUE
Jose Rojas,"Rojas, Jose",853,OF,750.33,19331,25,6,3,1,3,0,,,,,,,,TRUE
Taylor Jones,"Jones, Taylor",854,1B,750.33,19533,56,14,8,2,8,0,,,,,,,,TRUE
Dominic Leone,"Leone, Dominic",855,P,750.5,13763,,,,,,,62,29,4,68,0,56,28,TRUE
Steven Brault,"Brault, Steven",856,P,750.5,15291,,,,,,,105,59,5,84,0,109,52,TRUE
Jordan Groshans,"Groshans, Jordan",857,SS,750.67,sa3006893,57,14,8,1,6,0,,,,,,,,TRUE
Colby White,"White, Colby",858,P,750.67,,,,,,,,,,,,,,,TRUE
Jon Heasley,"Heasley, Jon",859,P,750.83,22224,,,,,,,39,21,2,31,0,41,15,TRUE
Buster Posey,"Posey, Buster",860,C,750.83,,,,,,,,,,,,,,,TRUE
